continent,isBot,submitter,statistics_type,previousWorkflowStep,city,latitude,type,uid,owningItem,countryCode,sortBy,id,owningComm,longitude,owner,workflowItemId,ip,query,dns,workflowStep,userAgent,actor,referrer,rpp,sortOrder,bundleName,time,page,epersonid,owningColl,uid_value,owningItem_value,owningComm_value,owningColl_value,workflowItemId_value
,false,,view,,,,0,00190b28-56a4-46ef-90d0-53acd568fd78,787d7a86-7177-4f06-9bc0-558312881c26,,,cb7fe4b2-c464-4120-a4b8-0061a3428c8e,3ba287c6-7a99-4ae4-807b-3cf10970033b,,,,10.250.4.183,,10.250.4.183,,"Mozilla/5.0 (Macintosh; Intel Mac OS X 10_15_7) AppleWebKit/605.1.15 (KHTML, like Gecko) Version/18.2 Safari/605.1.15",,https://pedsnetapps.chop.edu/metadata/home,,,THUMBNAIL,2024-12-30T15:13:43.493Z,,,e1a9f5de-d855-47f1-8df6-26c6c9295de7,00190b28-56a4-46ef-90d0-53acd568fd78,Fetal Hemoglobin,Concept Sets,Laboratory Results,
,false,,view,,,,0,cfc6dfca-9e3d-49a5-aedf-bc81d089f08f,134ef89f-abe6-463c-aaa2-77975bd2ff39,,,20c9dc8d-6360-45b7-8e2b-9de2f86d2bf2,dd8cbefd-bc37-476c-a383-7c9fe413743f,,,,10.250.4.183,,10.250.4.183,,"Mozilla/5.0 (Macintosh; Intel Mac OS X 10_15_7) AppleWebKit/605.1.15 (KHTML, like Gecko) Version/18.2 Safari/605.1.15",,https://pedsnetapps.chop.edu/metadata/home,,,THUMBNAIL,2024-12-30T15:13:43.494Z,,,0b3bab26-df86-4f72-b571-a11967535e1e,cfc6dfca-9e3d-49a5-aedf-bc81d089f08f,REDCap API Integration with PEDSnet Standard Framework,PEDSnet Resources,Federated Coordination Center,
,false,,view,,,,0,5a11effb-7e72-4ea5-9a01-0a2cbc4d8504,2354f8a3-93c1-4bf7-9530-a9b632a60ac6,,,4774d148-92b1-4689-bc09-1eae62fee86d,dd8cbefd-bc37-476c-a383-7c9fe413743f,,,,10.250.4.183,,10.250.4.183,,"Mozilla/5.0 (Macintosh; Intel Mac OS X 10_15_7) AppleWebKit/605.1.15 (KHTML, like Gecko) Version/18.2 Safari/605.1.15",,https://pedsnetapps.chop.edu/metadata/home,,,THUMBNAIL,2024-12-30T15:13:43.499Z,,,0b3bab26-df86-4f72-b571-a11967535e1e,5a11effb-7e72-4ea5-9a01-0a2cbc4d8504,Using Trino with the PEDSnet Standard Framework,PEDSnet Resources,Federated Coordination Center,
,false,,view,,,,0,497e1117-f0e6-49e3-9661-bd75b1d76041,2354f8a3-93c1-4bf7-9530-a9b632a60ac6,,,4774d148-92b1-4689-bc09-1eae62fee86d,dd8cbefd-bc37-476c-a383-7c9fe413743f,,,,10.14.9.213,,nhatsworklaptop.chop.edu,,"Mozilla/5.0 (Macintosh; Intel Mac OS X 10_15_7) AppleWebKit/605.1.15 (KHTML, like Gecko) Version/17.1.2 Safari/605.1.15",,https://pedsnetapps.chop.edu/metadata/collections/0b3bab26-df86-4f72-b571-a11967535e1e,,,THUMBNAIL,2024-12-30T15:20:29.922Z,,,0b3bab26-df86-4f72-b571-a11967535e1e,497e1117-f0e6-49e3-9661-bd75b1d76041,Using Trino with the PEDSnet Standard Framework,PEDSnet Resources,Federated Coordination Center,
,false,,view,,,,0,06092118-484b-4fdd-a88e-fe2eb0ff4ce9,134ef89f-abe6-463c-aaa2-77975bd2ff39,,,20c9dc8d-6360-45b7-8e2b-9de2f86d2bf2,dd8cbefd-bc37-476c-a383-7c9fe413743f,,,,10.14.9.213,,nhatsworklaptop.chop.edu,,"Mozilla/5.0 (Macintosh; Intel Mac OS X 10_15_7) AppleWebKit/605.1.15 (KHTML, like Gecko) Version/17.1.2 Safari/605.1.15",,https://pedsnetapps.chop.edu/metadata/collections/0b3bab26-df86-4f72-b571-a11967535e1e,,,THUMBNAIL,2024-12-30T15:20:29.926Z,,,0b3bab26-df86-4f72-b571-a11967535e1e,06092118-484b-4fdd-a88e-fe2eb0ff4ce9,REDCap API Integration with PEDSnet Standard Framework,PEDSnet Resources,Federated Coordination Center,
,false,,view,,,,0,7bbe8a27-a4d2-4ded-867f-a1e859debb74,b2e7f8d4-f0d0-4338-8f0f-79a3dfaeed0c,,,30178186-7e1f-4b96-9e2a-3d9a84a12bed,dd8cbefd-bc37-476c-a383-7c9fe413743f,,,,10.14.9.213,,nhatsworklaptop.chop.edu,,"Mozilla/5.0 (Macintosh; Intel Mac OS X 10_15_7) AppleWebKit/605.1.15 (KHTML, like Gecko) Version/17.1.2 Safari/605.1.15",,https://pedsnetapps.chop.edu/metadata/collections/0b3bab26-df86-4f72-b571-a11967535e1e,,,THUMBNAIL,2024-12-30T15:20:29.975Z,,,0b3bab26-df86-4f72-b571-a11967535e1e,7bbe8a27-a4d2-4ded-867f-a1e859debb74,Introduction to Trino,PEDSnet Resources,Federated Coordination Center,
,false,,view,,,,0,8d5f1c4e-742e-43f3-8d4c-2964b3f9d799,9c425ef8-2b37-4f5d-b8d0-de062515f885,,,688b55d0-01d6-4b40-9635-fc6a15c97282,dd8cbefd-bc37-476c-a383-7c9fe413743f,,,,10.14.9.213,,nhatsworklaptop.chop.edu,,"Mozilla/5.0 (Macintosh; Intel Mac OS X 10_15_7) AppleWebKit/605.1.15 (KHTML, like Gecko) Version/17.1.2 Safari/605.1.15",,https://pedsnetapps.chop.edu/metadata/collections/0b3bab26-df86-4f72-b571-a11967535e1e,,,THUMBNAIL,2024-12-30T15:20:29.983Z,,,0b3bab26-df86-4f72-b571-a11967535e1e,8d5f1c4e-742e-43f3-8d4c-2964b3f9d799,Variable Dictionary,PEDSnet Resources,Federated Coordination Center,
,false,,view,,,,3,3d297a64-7fd3-4c81-995c-761efea79d3a,,,,0b3bab26-df86-4f72-b571-a11967535e1e,dd8cbefd-bc37-476c-a383-7c9fe413743f,,,,10.14.9.213,,nhatsworklaptop.chop.edu,,"Mozilla/5.0 (Macintosh; Intel Mac OS X 10_15_7) AppleWebKit/605.1.15 (KHTML, like Gecko) Version/17.1.2 Safari/605.1.15",,,,,,2024-12-30T15:20:30.814Z,,,,3d297a64-7fd3-4c81-995c-761efea79d3a,,PEDSnet Resources,,
,false,,view,,,,3,8f2b3232-10a8-43ec-9160-20a639de4583,,,,0b3bab26-df86-4f72-b571-a11967535e1e,dd8cbefd-bc37-476c-a383-7c9fe413743f,,,,10.14.9.213,,nhatsworklaptop.chop.edu,,"Mozilla/5.0 (Macintosh; Intel Mac OS X 10_15_7) AppleWebKit/605.1.15 (KHTML, like Gecko) Version/17.1.2 Safari/605.1.15",,https://pedsnetapps.chop.edu/browse/vocab,,,,2024-12-30T15:20:55.743Z,,,,8f2b3232-10a8-43ec-9160-20a639de4583,,PEDSnet Resources,,
,false,,view,,,,2,411fed57-4502-4a07-9827-b0ae645baf56,,,,9c425ef8-2b37-4f5d-b8d0-de062515f885,dd8cbefd-bc37-476c-a383-7c9fe413743f,,,,10.14.9.213,,nhatsworklaptop.chop.edu,,"Mozilla/5.0 (Macintosh; Intel Mac OS X 10_15_7) AppleWebKit/605.1.15 (KHTML, like Gecko) Version/17.1.2 Safari/605.1.15",,https://pedsnetapps.chop.edu/collections/0b3bab26-df86-4f72-b571-a11967535e1e/browse/tag?value=Concept%20Set%20Development,,,,2024-12-30T15:21:02.151Z,,,0b3bab26-df86-4f72-b571-a11967535e1e,411fed57-4502-4a07-9827-b0ae645baf56,,PEDSnet Resources,Federated Coordination Center,
,false,,view,,,,3,171a43f8-aba0-4132-8a95-f347241bdbae,,,,0b3bab26-df86-4f72-b571-a11967535e1e,dd8cbefd-bc37-476c-a383-7c9fe413743f,,,,10.14.9.213,,nhatsworklaptop.chop.edu,,"Mozilla/5.0 (Macintosh; Intel Mac OS X 10_15_7) AppleWebKit/605.1.15 (KHTML, like Gecko) Version/17.1.2 Safari/605.1.15",,https://pedsnetapps.chop.edu/entities/documentation/9c425ef8-2b37-4f5d-b8d0-de062515f885,,,,2024-12-30T15:21:16.558Z,,,,171a43f8-aba0-4132-8a95-f347241bdbae,,PEDSnet Resources,,
,false,,view,,,,2,fc8afb50-44ad-4e46-be21-c1a8487fc927,,,,9c425ef8-2b37-4f5d-b8d0-de062515f885,dd8cbefd-bc37-476c-a383-7c9fe413743f,,,,10.14.9.213,,nhatsworklaptop.chop.edu,,"Mozilla/5.0 (Macintosh; Intel Mac OS X 10_15_7) AppleWebKit/605.1.15 (KHTML, like Gecko) Version/17.1.2 Safari/605.1.15",,https://pedsnetapps.chop.edu/collections/0b3bab26-df86-4f72-b571-a11967535e1e?spc.page=1&query=pregnancy,,,,2024-12-30T15:21:30.449Z,,,0b3bab26-df86-4f72-b571-a11967535e1e,fc8afb50-44ad-4e46-be21-c1a8487fc927,,PEDSnet Resources,Federated Coordination Center,
,false,,search,,,,,05ba6126-d348-4def-85b0-9b81394d5495,,,score,,,,,,10.14.9.213,,nhatsworklaptop.chop.edu,,"Mozilla/5.0 (Macintosh; Intel Mac OS X 10_15_7) AppleWebKit/605.1.15 (KHTML, like Gecko) Version/17.1.2 Safari/605.1.15",,"https://pedsnetapps.chop.edu/metadata/search?f.subject=Concept%20Set%20Development,equals",0,desc,,2024-12-30T15:21:57.493Z,1,,,05ba6126-d348-4def-85b0-9b81394d5495,,,,
,false,,view,,,,0,0d2822ce-8b72-45b0-a539-3085bee3b62e,9ce86e47-6e1c-43a1-b8e6-735e33fa80e1,,,e3c42df6-dbd6-4ef4-8b12-3c7f1952618c,dd8cbefd-bc37-476c-a383-7c9fe413743f,,,,10.14.9.213,,nhatsworklaptop.chop.edu,,"Mozilla/5.0 (Macintosh; Intel Mac OS X 10_15_7) AppleWebKit/605.1.15 (KHTML, like Gecko) Version/17.1.2 Safari/605.1.15",,"https://pedsnetapps.chop.edu/metadata/search?f.subject=Concept%20Set%20Development,equals",,,THUMBNAIL,2024-12-30T15:21:57.509Z,,,6e1c7021-5fb5-4665-b296-60e5c17f11b8,0d2822ce-8b72-45b0-a539-3085bee3b62e,Atlas: Exploring Cohorts,PEDSnet Resources,E-Resources,
,false,,search_result,,,,2,0998bddc-9a45-4108-bccd-ebc041987210,,,score,9c425ef8-2b37-4f5d-b8d0-de062515f885,dd8cbefd-bc37-476c-a383-7c9fe413743f,,,,10.14.9.213,,nhatsworklaptop.chop.edu,,"Mozilla/5.0 (Macintosh; Intel Mac OS X 10_15_7) AppleWebKit/605.1.15 (KHTML, like Gecko) Version/17.1.2 Safari/605.1.15",,"https://pedsnetapps.chop.edu/metadata/search?f.subject=Concept%20Set%20Development,equals",0,desc,,2024-12-30T15:22:04.604Z,1,,0b3bab26-df86-4f72-b571-a11967535e1e,0998bddc-9a45-4108-bccd-ebc041987210,,PEDSnet Resources,Federated Coordination Center,
,false,,view,,,,2,262694e6-35a7-431f-8f28-6d13c88ae48c,,,,9c425ef8-2b37-4f5d-b8d0-de062515f885,dd8cbefd-bc37-476c-a383-7c9fe413743f,,,,10.14.9.213,,nhatsworklaptop.chop.edu,,"Mozilla/5.0 (Macintosh; Intel Mac OS X 10_15_7) AppleWebKit/605.1.15 (KHTML, like Gecko) Version/17.1.2 Safari/605.1.15",,"https://pedsnetapps.chop.edu/search?f.subject=Concept%20Set%20Development,equals",,,,2024-12-30T15:22:04.694Z,,,0b3bab26-df86-4f72-b571-a11967535e1e,262694e6-35a7-431f-8f28-6d13c88ae48c,,PEDSnet Resources,Federated Coordination Center,
,false,,view,,,,0,18336404-61eb-480a-9963-ed1838cbb2b9,9c425ef8-2b37-4f5d-b8d0-de062515f885,,,d26f183e-0c14-4fa4-a775-a8011f8e77ee,dd8cbefd-bc37-476c-a383-7c9fe413743f,,,,10.14.9.213,,nhatsworklaptop.chop.edu,,"Mozilla/5.0 (Macintosh; Intel Mac OS X 10_15_7) AppleWebKit/605.1.15 (KHTML, like Gecko) Version/17.1.2 Safari/605.1.15",,https://pedsnetapps.chop.edu/metadata/bitstreams/d26f183e-0c14-4fa4-a775-a8011f8e77ee/download,,,ORIGINAL,2024-12-30T15:22:07.410Z,,,0b3bab26-df86-4f72-b571-a11967535e1e,18336404-61eb-480a-9963-ed1838cbb2b9,Variable Dictionary,PEDSnet Resources,Federated Coordination Center,
EU,false,,view,,Dublin,53.3498,0,8c84e622-b480-4ffa-b364-6509acf2863f,63597e19-9d57-4cea-b7c8-14d91080ac83,IE,,98e8e37e-a5da-4bfe-a4d7-54fc5eda13e4,3ba287c6-7a99-4ae4-807b-3cf10970033b,-6.26031,,,99.81.164.197,,ec2-99-81-164-197.eu-west-1.compute.amazonaws.com,,"Mozilla/5.0 (Windows NT 10.0; Win64; x64) AppleWebKit/537.36 (KHTML, like Gecko) Chrome/115.0.0.0 Safari/537.36",,https://pedsnetapps.chop.edu/metadata/communities/3ba287c6-7a99-4ae4-807b-3cf10970033b,,,THUMBNAIL,2024-12-31T02:57:40.897Z,,,200771af-603d-4b71-8546-512e618b8b79,8c84e622-b480-4ffa-b364-6509acf2863f,Pediatric Rheumatology Clusters,Concept Sets,Diagnoses,
EU,false,,view,,Dublin,53.3498,0,fe67702d-c949-431b-96c9-209a06062ef6,787d7a86-7177-4f06-9bc0-558312881c26,IE,,cb7fe4b2-c464-4120-a4b8-0061a3428c8e,3ba287c6-7a99-4ae4-807b-3cf10970033b,-6.26031,,,99.81.164.197,,ec2-99-81-164-197.eu-west-1.compute.amazonaws.com,,"Mozilla/5.0 (Windows NT 10.0; Win64; x64) AppleWebKit/537.36 (KHTML, like Gecko) Chrome/115.0.0.0 Safari/537.36",,https://pedsnetapps.chop.edu/metadata/communities/3ba287c6-7a99-4ae4-807b-3cf10970033b,,,THUMBNAIL,2024-12-31T02:57:40.906Z,,,e1a9f5de-d855-47f1-8df6-26c6c9295de7,fe67702d-c949-431b-96c9-209a06062ef6,Fetal Hemoglobin,Concept Sets,Laboratory Results,
EU,false,,view,,Dublin,53.3498,0,444331fc-bf78-4e32-945f-a514d6782425,75b95eab-20c6-4ede-88c7-1360b38bac5b,IE,,6b34dec1-0a12-42b9-96e5-6c853467f62b,3ba287c6-7a99-4ae4-807b-3cf10970033b,-6.26031,,,99.81.164.197,,ec2-99-81-164-197.eu-west-1.compute.amazonaws.com,,"Mozilla/5.0 (Windows NT 10.0; Win64; x64) AppleWebKit/537.36 (KHTML, like Gecko) Chrome/115.0.0.0 Safari/537.36",,https://pedsnetapps.chop.edu/metadata/communities/3ba287c6-7a99-4ae4-807b-3cf10970033b,,,THUMBNAIL,2024-12-31T02:57:41.311Z,,,e1a9f5de-d855-47f1-8df6-26c6c9295de7,444331fc-bf78-4e32-945f-a514d6782425,Protein S,Concept Sets,Laboratory Results,
EU,false,,view,,Dublin,53.3498,0,7b87f172-32e8-4481-94d9-1765993d94ba,7bc8e05b-d0df-466f-9df2-6f96cb4332cf,IE,,9c212c8c-f5a4-496f-b084-4c32418dfede,3ba287c6-7a99-4ae4-807b-3cf10970033b,-6.26031,,,99.81.164.197,,ec2-99-81-164-197.eu-west-1.compute.amazonaws.com,,"Mozilla/5.0 (Windows NT 10.0; Win64; x64) AppleWebKit/537.36 (KHTML, like Gecko) Chrome/115.0.0.0 Safari/537.36",,https://pedsnetapps.chop.edu/metadata/communities/3ba287c6-7a99-4ae4-807b-3cf10970033b,,,THUMBNAIL,2024-12-31T02:57:41.321Z,,,e1a9f5de-d855-47f1-8df6-26c6c9295de7,7b87f172-32e8-4481-94d9-1765993d94ba,Protein C,Concept Sets,Laboratory Results,
EU,false,,view,,Dublin,53.3498,0,5283910d-eaa0-4955-a9b5-311f0633fbc9,86885362-282f-4c35-be21-9c3ca4505e7e,IE,,ca4faeb7-8332-4949-ba13-ca87299857d4,3ba287c6-7a99-4ae4-807b-3cf10970033b,-6.26031,,,99.81.164.197,,ec2-99-81-164-197.eu-west-1.compute.amazonaws.com,,"Mozilla/5.0 (Windows NT 10.0; Win64; x64) AppleWebKit/537.36 (KHTML, like Gecko) Chrome/115.0.0.0 Safari/537.36",,https://pedsnetapps.chop.edu/metadata/communities/3ba287c6-7a99-4ae4-807b-3cf10970033b,,,THUMBNAIL,2024-12-31T02:57:41.605Z,,,e1a9f5de-d855-47f1-8df6-26c6c9295de7,5283910d-eaa0-4955-a9b5-311f0633fbc9,Factor VIII,Concept Sets,Laboratory Results,
EU,false,,view,,Dublin,53.3498,0,db7a6821-6da9-442f-8d03-de20e4bb1ef4,bd901671-ff8c-44f1-9ad4-fed1c3bb1e42,IE,,15274d41-70ee-4b0e-b4f8-6c03e6ed8385,3ba287c6-7a99-4ae4-807b-3cf10970033b,-6.26031,,,99.81.164.197,,ec2-99-81-164-197.eu-west-1.compute.amazonaws.com,,"Mozilla/5.0 (Windows NT 10.0; Win64; x64) AppleWebKit/537.36 (KHTML, like Gecko) Chrome/115.0.0.0 Safari/537.36",,https://pedsnetapps.chop.edu/metadata/communities/3ba287c6-7a99-4ae4-807b-3cf10970033b,,,THUMBNAIL,2024-12-31T02:57:41.617Z,,,200771af-603d-4b71-8546-512e618b8b79,db7a6821-6da9-442f-8d03-de20e4bb1ef4,Splenic Sequestration,Concept Sets,Diagnoses,
EU,false,,view,,Dublin,53.3498,0,2a559b31-56b3-4785-aaf5-82d46ef5a575,ca11d383-107a-4f36-a182-9729df07f977,IE,,9a2f49e1-c3ee-4bd1-aee8-2a00b9b73930,3ba287c6-7a99-4ae4-807b-3cf10970033b,-6.26031,,,99.81.164.197,,ec2-99-81-164-197.eu-west-1.compute.amazonaws.com,,"Mozilla/5.0 (Windows NT 10.0; Win64; x64) AppleWebKit/537.36 (KHTML, like Gecko) Chrome/115.0.0.0 Safari/537.36",,https://pedsnetapps.chop.edu/metadata/communities/3ba287c6-7a99-4ae4-807b-3cf10970033b,,,THUMBNAIL,2024-12-31T02:57:47.220Z,,,e1a9f5de-d855-47f1-8df6-26c6c9295de7,2a559b31-56b3-4785-aaf5-82d46ef5a575,Mean Corpuscular Volume,Concept Sets,Laboratory Results,
EU,false,,view,,Dublin,53.3498,0,00408028-ff76-45f9-b9d1-276c3463c29f,3e4ec854-3715-4d28-a878-1a5671cd2bd3,IE,,ce7c6a14-759d-43f7-a796-2634b1c2eed4,3ba287c6-7a99-4ae4-807b-3cf10970033b,-6.26031,,,99.81.164.197,,ec2-99-81-164-197.eu-west-1.compute.amazonaws.com,,"Mozilla/5.0 (Windows NT 10.0; Win64; x64) AppleWebKit/537.36 (KHTML, like Gecko) Chrome/115.0.0.0 Safari/537.36",,https://pedsnetapps.chop.edu/metadata/communities/3ba287c6-7a99-4ae4-807b-3cf10970033b,,,THUMBNAIL,2024-12-31T02:57:47.316Z,,,200771af-603d-4b71-8546-512e618b8b79,00408028-ff76-45f9-b9d1-276c3463c29f,Acute Chest Syndrome,Concept Sets,Diagnoses,
EU,false,,view,,Dublin,53.3498,0,a4b8b3a8-9473-4287-8339-52ee526c8bdb,20b8987f-9476-4895-8585-e5bfaeb9b2f1,IE,,6e709902-8809-44f0-bba0-7af2f8f3eb55,3ba287c6-7a99-4ae4-807b-3cf10970033b,-6.26031,,,99.81.164.197,,ec2-99-81-164-197.eu-west-1.compute.amazonaws.com,,"Mozilla/5.0 (Windows NT 10.0; Win64; x64) AppleWebKit/537.36 (KHTML, like Gecko) Chrome/115.0.0.0 Safari/537.36",,https://pedsnetapps.chop.edu/metadata/communities/3ba287c6-7a99-4ae4-807b-3cf10970033b,,,THUMBNAIL,2024-12-31T02:57:47.328Z,,,200771af-603d-4b71-8546-512e618b8b79,a4b8b3a8-9473-4287-8339-52ee526c8bdb,Sickle Cell Disease Associated Pain,Concept Sets,Diagnoses,
EU,false,,view,,Dublin,53.3498,0,f7c3f673-cdf5-4065-9151-ca80047ca8e1,d6b57e9b-4e3e-475e-948b-e0cc1819bffd,IE,,445efd97-959c-488a-86c7-1421068210b6,3ba287c6-7a99-4ae4-807b-3cf10970033b,-6.26031,,,99.81.164.197,,ec2-99-81-164-197.eu-west-1.compute.amazonaws.com,,"Mozilla/5.0 (Windows NT 10.0; Win64; x64) AppleWebKit/537.36 (KHTML, like Gecko) Chrome/115.0.0.0 Safari/537.36",,https://pedsnetapps.chop.edu/metadata/communities/3ba287c6-7a99-4ae4-807b-3cf10970033b,,,THUMBNAIL,2024-12-31T02:57:49.213Z,,,200771af-603d-4b71-8546-512e618b8b79,f7c3f673-cdf5-4065-9151-ca80047ca8e1,Obstructive Sleep Apnea,Concept Sets,Diagnoses,
,false,,view,,Bethesda,38.996,0,7ae02529-d53e-4284-a5ed-5417bdf3d999,241ede37-58e9-4775-8309-ee8465a2e4bf,US,,e9b61399-1939-460c-8a2e-5807cd658742,6e29d087-aee0-4b50-8e2a-7aa3a0829e51,-77.0988,,,130.14.233.142,,130.14.233.142,,"Mozilla/5.0 (Windows NT 10.0; Win64; x64) AppleWebKit/537.36 (KHTML, like Gecko) Chrome/131.0.0.0 Safari/537.36",,https://pedsnetapps.chop.edu/metadata/communities/6e29d087-aee0-4b50-8e2a-7aa3a0829e51,,,THUMBNAIL,2024-12-31T12:13:34.654Z,,,cef17560-1334-468a-89d1-c09ac165a544,7ae02529-d53e-4284-a5ed-5417bdf3d999,"Mild-to-Moderate Pediatric Chronic Kidney Disease, Stages 3 to 5",Phenotypes and Variables,Diagnoses,
,false,,view,,Bethesda,38.996,4,ee29a284-e8b1-4ed5-bd3e-dc9381e4e057,,US,,6e29d087-aee0-4b50-8e2a-7aa3a0829e51,,-77.0988,,,130.14.233.142,,130.14.233.142,,"Mozilla/5.0 (Windows NT 10.0; Win64; x64) AppleWebKit/537.36 (KHTML, like Gecko) Chrome/131.0.0.0 Safari/537.36",,,,,,2024-12-31T12:13:35.938Z,,,,ee29a284-e8b1-4ed5-bd3e-dc9381e4e057,,,,
,false,,view,,,,0,e9a25d68-cf52-4e3e-9b70-6b14e0a18850,63597e19-9d57-4cea-b7c8-14d91080ac83,,,98e8e37e-a5da-4bfe-a4d7-54fc5eda13e4,3ba287c6-7a99-4ae4-807b-3cf10970033b,,,,10.250.34.70,,10.250.34.70,,"Mozilla/5.0 (Macintosh; Intel Mac OS X 10_15_7) AppleWebKit/605.1.15 (KHTML, like Gecko) Version/17.6 Safari/605.1.15",,https://pedsnetapps.chop.edu/metadata/home,,,THUMBNAIL,2024-12-31T12:18:11.142Z,,,200771af-603d-4b71-8546-512e618b8b79,e9a25d68-cf52-4e3e-9b70-6b14e0a18850,Pediatric Rheumatology Clusters,Concept Sets,Diagnoses,
,false,,view,,,,0,0bf78e29-5498-4e6a-b8ea-f7977abc9141,134ef89f-abe6-463c-aaa2-77975bd2ff39,,,20c9dc8d-6360-45b7-8e2b-9de2f86d2bf2,dd8cbefd-bc37-476c-a383-7c9fe413743f,,,,10.250.34.70,,10.250.34.70,,"Mozilla/5.0 (Macintosh; Intel Mac OS X 10_15_7) AppleWebKit/605.1.15 (KHTML, like Gecko) Version/17.6 Safari/605.1.15",,https://pedsnetapps.chop.edu/metadata/home,,,THUMBNAIL,2024-12-31T12:18:11.181Z,,,0b3bab26-df86-4f72-b571-a11967535e1e,0bf78e29-5498-4e6a-b8ea-f7977abc9141,REDCap API Integration with PEDSnet Standard Framework,PEDSnet Resources,Federated Coordination Center,
,false,,view,,,,0,bdb32a38-f1f1-4145-bc19-23fecd641c08,2354f8a3-93c1-4bf7-9530-a9b632a60ac6,,,4774d148-92b1-4689-bc09-1eae62fee86d,dd8cbefd-bc37-476c-a383-7c9fe413743f,,,,10.250.34.70,,10.250.34.70,,"Mozilla/5.0 (Macintosh; Intel Mac OS X 10_15_7) AppleWebKit/605.1.15 (KHTML, like Gecko) Version/17.6 Safari/605.1.15",,https://pedsnetapps.chop.edu/metadata/home,,,THUMBNAIL,2024-12-31T12:18:11.215Z,,,0b3bab26-df86-4f72-b571-a11967535e1e,bdb32a38-f1f1-4145-bc19-23fecd641c08,Using Trino with the PEDSnet Standard Framework,PEDSnet Resources,Federated Coordination Center,
,false,,view,,,,0,f46c1b90-33d5-4fe7-8a72-9dd6467b25e6,b2e7f8d4-f0d0-4338-8f0f-79a3dfaeed0c,,,30178186-7e1f-4b96-9e2a-3d9a84a12bed,dd8cbefd-bc37-476c-a383-7c9fe413743f,,,,10.250.34.70,,10.250.34.70,,"Mozilla/5.0 (Macintosh; Intel Mac OS X 10_15_7) AppleWebKit/605.1.15 (KHTML, like Gecko) Version/17.6 Safari/605.1.15",,https://pedsnetapps.chop.edu/metadata/home,,,THUMBNAIL,2024-12-31T12:18:11.285Z,,,0b3bab26-df86-4f72-b571-a11967535e1e,f46c1b90-33d5-4fe7-8a72-9dd6467b25e6,Introduction to Trino,PEDSnet Resources,Federated Coordination Center,
,false,,view,,,,0,a031028e-186b-44f8-a1c1-44e818a83d7f,787d7a86-7177-4f06-9bc0-558312881c26,,,cb7fe4b2-c464-4120-a4b8-0061a3428c8e,3ba287c6-7a99-4ae4-807b-3cf10970033b,,,,10.250.34.70,,10.250.34.70,,"Mozilla/5.0 (Macintosh; Intel Mac OS X 10_15_7) AppleWebKit/605.1.15 (KHTML, like Gecko) Version/17.6 Safari/605.1.15",,https://pedsnetapps.chop.edu/metadata/home,,,THUMBNAIL,2024-12-31T12:18:11.287Z,,,e1a9f5de-d855-47f1-8df6-26c6c9295de7,a031028e-186b-44f8-a1c1-44e818a83d7f,Fetal Hemoglobin,Concept Sets,Laboratory Results,
,false,,view,,,,5,c0b9ad33-7650-48e9-9281-ac92c624f048,,,,0ca0dae5-f60a-472a-8797-45345e117dd2,,,,,10.250.34.70,,10.250.34.70,,"Mozilla/5.0 (Macintosh; Intel Mac OS X 10_15_7) AppleWebKit/605.1.15 (KHTML, like Gecko) Version/17.6 Safari/605.1.15",,https://word-edit.officeapps.live.com/,,,,2024-12-31T12:18:11.629Z,,,,c0b9ad33-7650-48e9-9281-ac92c624f048,,,,
,false,,view,,,,0,7858cbee-7056-45d6-9992-ca9455b6d254,134ef89f-abe6-463c-aaa2-77975bd2ff39,,,20c9dc8d-6360-45b7-8e2b-9de2f86d2bf2,dd8cbefd-bc37-476c-a383-7c9fe413743f,,,,10.250.35.200,,10.250.35.200,,"Mozilla/5.0 (Macintosh; Intel Mac OS X 10_15_7) AppleWebKit/537.36 (KHTML, like Gecko) Chrome/131.0.0.0 Safari/537.36",,https://pedsnetapps.chop.edu/metadata/home,,,THUMBNAIL,2024-12-31T12:24:23.639Z,,,0b3bab26-df86-4f72-b571-a11967535e1e,7858cbee-7056-45d6-9992-ca9455b6d254,REDCap API Integration with PEDSnet Standard Framework,PEDSnet Resources,Federated Coordination Center,
,false,,view,,,,0,b9caa57f-544e-4d4c-9be8-213e6330a6c1,63597e19-9d57-4cea-b7c8-14d91080ac83,,,98e8e37e-a5da-4bfe-a4d7-54fc5eda13e4,3ba287c6-7a99-4ae4-807b-3cf10970033b,,,,10.250.35.200,,10.250.35.200,,"Mozilla/5.0 (Macintosh; Intel Mac OS X 10_15_7) AppleWebKit/537.36 (KHTML, like Gecko) Chrome/131.0.0.0 Safari/537.36",,https://pedsnetapps.chop.edu/metadata/home,,,THUMBNAIL,2024-12-31T12:24:23.641Z,,,200771af-603d-4b71-8546-512e618b8b79,b9caa57f-544e-4d4c-9be8-213e6330a6c1,Pediatric Rheumatology Clusters,Concept Sets,Diagnoses,
,false,,view,,,,0,07f09303-54f1-4f27-ac8b-afc542cac621,2354f8a3-93c1-4bf7-9530-a9b632a60ac6,,,4774d148-92b1-4689-bc09-1eae62fee86d,dd8cbefd-bc37-476c-a383-7c9fe413743f,,,,10.250.35.200,,10.250.35.200,,"Mozilla/5.0 (Macintosh; Intel Mac OS X 10_15_7) AppleWebKit/537.36 (KHTML, like Gecko) Chrome/131.0.0.0 Safari/537.36",,https://pedsnetapps.chop.edu/metadata/home,,,THUMBNAIL,2024-12-31T12:24:23.647Z,,,0b3bab26-df86-4f72-b571-a11967535e1e,07f09303-54f1-4f27-ac8b-afc542cac621,Using Trino with the PEDSnet Standard Framework,PEDSnet Resources,Federated Coordination Center,
,false,,view,,,,0,8e3d89e9-d1d2-4133-a4a9-5a5a6c32eed2,b2e7f8d4-f0d0-4338-8f0f-79a3dfaeed0c,,,30178186-7e1f-4b96-9e2a-3d9a84a12bed,dd8cbefd-bc37-476c-a383-7c9fe413743f,,,,10.250.35.200,,10.250.35.200,,"Mozilla/5.0 (Macintosh; Intel Mac OS X 10_15_7) AppleWebKit/537.36 (KHTML, like Gecko) Chrome/131.0.0.0 Safari/537.36",,https://pedsnetapps.chop.edu/metadata/home,,,THUMBNAIL,2024-12-31T12:24:23.658Z,,,0b3bab26-df86-4f72-b571-a11967535e1e,8e3d89e9-d1d2-4133-a4a9-5a5a6c32eed2,Introduction to Trino,PEDSnet Resources,Federated Coordination Center,
,false,,view,,,,0,79a73799-2b72-4e4e-b220-82bff36b8287,787d7a86-7177-4f06-9bc0-558312881c26,,,cb7fe4b2-c464-4120-a4b8-0061a3428c8e,3ba287c6-7a99-4ae4-807b-3cf10970033b,,,,10.250.35.200,,10.250.35.200,,"Mozilla/5.0 (Macintosh; Intel Mac OS X 10_15_7) AppleWebKit/537.36 (KHTML, like Gecko) Chrome/131.0.0.0 Safari/537.36",,https://pedsnetapps.chop.edu/metadata/home,,,THUMBNAIL,2024-12-31T12:24:23.658Z,,,e1a9f5de-d855-47f1-8df6-26c6c9295de7,79a73799-2b72-4e4e-b220-82bff36b8287,Fetal Hemoglobin,Concept Sets,Laboratory Results,
,false,,view,,,,5,7f7feeab-3cf6-4040-9087-f3afe0be1405,,,,0ca0dae5-f60a-472a-8797-45345e117dd2,,,,,10.250.35.200,,10.250.35.200,,"Mozilla/5.0 (Macintosh; Intel Mac OS X 10_15_7) AppleWebKit/537.36 (KHTML, like Gecko) Chrome/131.0.0.0 Safari/537.36",,https://pedsnet.org/,,,,2024-12-31T12:24:24.131Z,,,,7f7feeab-3cf6-4040-9087-f3afe0be1405,,,,
,false,,view,,,,4,9db93127-7a33-4237-9ded-54bcbd4b3830,,,,3ba287c6-7a99-4ae4-807b-3cf10970033b,,,,,10.250.35.200,,10.250.35.200,,"Mozilla/5.0 (Macintosh; Intel Mac OS X 10_15_7) AppleWebKit/537.36 (KHTML, like Gecko) Chrome/131.0.0.0 Safari/537.36",,https://pedsnetapps.chop.edu/home,,,,2024-12-31T12:24:28.735Z,,,,9db93127-7a33-4237-9ded-54bcbd4b3830,,,,
,false,,view,,,,0,7872ef1c-2f11-4737-b1bc-7b041342d043,ca11d383-107a-4f36-a182-9729df07f977,,,9a2f49e1-c3ee-4bd1-aee8-2a00b9b73930,3ba287c6-7a99-4ae4-807b-3cf10970033b,,,,10.250.35.200,,10.250.35.200,,"Mozilla/5.0 (Macintosh; Intel Mac OS X 10_15_7) AppleWebKit/537.36 (KHTML, like Gecko) Chrome/131.0.0.0 Safari/537.36",,https://pedsnetapps.chop.edu/metadata/communities/3ba287c6-7a99-4ae4-807b-3cf10970033b,,,THUMBNAIL,2024-12-31T12:24:29.314Z,,,e1a9f5de-d855-47f1-8df6-26c6c9295de7,7872ef1c-2f11-4737-b1bc-7b041342d043,Mean Corpuscular Volume,Concept Sets,Laboratory Results,
,false,,view,,,,0,b2227583-ff36-4338-9d55-b8857ebfdd01,20b8987f-9476-4895-8585-e5bfaeb9b2f1,,,6e709902-8809-44f0-bba0-7af2f8f3eb55,3ba287c6-7a99-4ae4-807b-3cf10970033b,,,,10.250.35.200,,10.250.35.200,,"Mozilla/5.0 (Macintosh; Intel Mac OS X 10_15_7) AppleWebKit/537.36 (KHTML, like Gecko) Chrome/131.0.0.0 Safari/537.36",,https://pedsnetapps.chop.edu/metadata/communities/3ba287c6-7a99-4ae4-807b-3cf10970033b,,,THUMBNAIL,2024-12-31T12:24:29.314Z,,,200771af-603d-4b71-8546-512e618b8b79,b2227583-ff36-4338-9d55-b8857ebfdd01,Sickle Cell Disease Associated Pain,Concept Sets,Diagnoses,
,false,,view,,,,0,b0b7ba19-89d5-408a-ada7-1dba6e07119e,86885362-282f-4c35-be21-9c3ca4505e7e,,,ca4faeb7-8332-4949-ba13-ca87299857d4,3ba287c6-7a99-4ae4-807b-3cf10970033b,,,,10.250.35.200,,10.250.35.200,,"Mozilla/5.0 (Macintosh; Intel Mac OS X 10_15_7) AppleWebKit/537.36 (KHTML, like Gecko) Chrome/131.0.0.0 Safari/537.36",,https://pedsnetapps.chop.edu/metadata/communities/3ba287c6-7a99-4ae4-807b-3cf10970033b,,,THUMBNAIL,2024-12-31T12:24:29.318Z,,,e1a9f5de-d855-47f1-8df6-26c6c9295de7,b0b7ba19-89d5-408a-ada7-1dba6e07119e,Factor VIII,Concept Sets,Laboratory Results,
,false,,view,,,,0,88af0ba7-27cf-4eaf-a9d0-7999fb7517f4,7bc8e05b-d0df-466f-9df2-6f96cb4332cf,,,9c212c8c-f5a4-496f-b084-4c32418dfede,3ba287c6-7a99-4ae4-807b-3cf10970033b,,,,10.250.35.200,,10.250.35.200,,"Mozilla/5.0 (Macintosh; Intel Mac OS X 10_15_7) AppleWebKit/537.36 (KHTML, like Gecko) Chrome/131.0.0.0 Safari/537.36",,https://pedsnetapps.chop.edu/metadata/communities/3ba287c6-7a99-4ae4-807b-3cf10970033b,,,THUMBNAIL,2024-12-31T12:24:29.319Z,,,e1a9f5de-d855-47f1-8df6-26c6c9295de7,88af0ba7-27cf-4eaf-a9d0-7999fb7517f4,Protein C,Concept Sets,Laboratory Results,
,false,,view,,,,0,dfc6ce13-e461-4285-9e8f-7577f790b559,bd901671-ff8c-44f1-9ad4-fed1c3bb1e42,,,15274d41-70ee-4b0e-b4f8-6c03e6ed8385,3ba287c6-7a99-4ae4-807b-3cf10970033b,,,,10.250.35.200,,10.250.35.200,,"Mozilla/5.0 (Macintosh; Intel Mac OS X 10_15_7) AppleWebKit/537.36 (KHTML, like Gecko) Chrome/131.0.0.0 Safari/537.36",,https://pedsnetapps.chop.edu/metadata/communities/3ba287c6-7a99-4ae4-807b-3cf10970033b,,,THUMBNAIL,2024-12-31T12:24:29.322Z,,,200771af-603d-4b71-8546-512e618b8b79,dfc6ce13-e461-4285-9e8f-7577f790b559,Splenic Sequestration,Concept Sets,Diagnoses,
,false,,view,,,,0,96f72fbd-7ec9-4660-8368-cb5a10170ae9,75b95eab-20c6-4ede-88c7-1360b38bac5b,,,6b34dec1-0a12-42b9-96e5-6c853467f62b,3ba287c6-7a99-4ae4-807b-3cf10970033b,,,,10.250.35.200,,10.250.35.200,,"Mozilla/5.0 (Macintosh; Intel Mac OS X 10_15_7) AppleWebKit/537.36 (KHTML, like Gecko) Chrome/131.0.0.0 Safari/537.36",,https://pedsnetapps.chop.edu/metadata/communities/3ba287c6-7a99-4ae4-807b-3cf10970033b,,,THUMBNAIL,2024-12-31T12:24:29.319Z,,,e1a9f5de-d855-47f1-8df6-26c6c9295de7,96f72fbd-7ec9-4660-8368-cb5a10170ae9,Protein S,Concept Sets,Laboratory Results,
,false,,view,,,,0,6eb498dd-8f7d-4f94-83a7-3954b5e50e92,3e4ec854-3715-4d28-a878-1a5671cd2bd3,,,ce7c6a14-759d-43f7-a796-2634b1c2eed4,3ba287c6-7a99-4ae4-807b-3cf10970033b,,,,10.250.35.200,,10.250.35.200,,"Mozilla/5.0 (Macintosh; Intel Mac OS X 10_15_7) AppleWebKit/537.36 (KHTML, like Gecko) Chrome/131.0.0.0 Safari/537.36",,https://pedsnetapps.chop.edu/metadata/communities/3ba287c6-7a99-4ae4-807b-3cf10970033b,,,THUMBNAIL,2024-12-31T12:24:29.388Z,,,200771af-603d-4b71-8546-512e618b8b79,6eb498dd-8f7d-4f94-83a7-3954b5e50e92,Acute Chest Syndrome,Concept Sets,Diagnoses,
,false,,view,,,,0,1704d004-49df-43c5-988f-49c62e8f2cd5,d6b57e9b-4e3e-475e-948b-e0cc1819bffd,,,445efd97-959c-488a-86c7-1421068210b6,3ba287c6-7a99-4ae4-807b-3cf10970033b,,,,10.250.35.200,,10.250.35.200,,"Mozilla/5.0 (Macintosh; Intel Mac OS X 10_15_7) AppleWebKit/537.36 (KHTML, like Gecko) Chrome/131.0.0.0 Safari/537.36",,https://pedsnetapps.chop.edu/metadata/communities/3ba287c6-7a99-4ae4-807b-3cf10970033b,,,THUMBNAIL,2024-12-31T12:24:29.395Z,,,200771af-603d-4b71-8546-512e618b8b79,1704d004-49df-43c5-988f-49c62e8f2cd5,Obstructive Sleep Apnea,Concept Sets,Diagnoses,
,false,,view,,,,4,77e42295-d97b-465a-bfa1-ba2cfc8094f8,,,,3ba287c6-7a99-4ae4-807b-3cf10970033b,,,,,10.250.35.200,,10.250.35.200,,"Mozilla/5.0 (Macintosh; Intel Mac OS X 10_15_7) AppleWebKit/537.36 (KHTML, like Gecko) Chrome/131.0.0.0 Safari/537.36",,https://pedsnetapps.chop.edu/communities/3ba287c6-7a99-4ae4-807b-3cf10970033b,,,,2024-12-31T12:24:36.116Z,,,,77e42295-d97b-465a-bfa1-ba2cfc8094f8,,,,
,false,,view,,,,0,257defdd-782e-4797-9917-48b1aaef1ac9,1c5463ce-c89d-4ad5-abc4-bbfca1d86cd0,,,ef5e49f8-c5fc-4116-b888-e92f9dbe9014,3ba287c6-7a99-4ae4-807b-3cf10970033b,,,,10.250.35.200,,10.250.35.200,,"Mozilla/5.0 (Macintosh; Intel Mac OS X 10_15_7) AppleWebKit/537.36 (KHTML, like Gecko) Chrome/131.0.0.0 Safari/537.36",,https://pedsnetapps.chop.edu/metadata/communities/3ba287c6-7a99-4ae4-807b-3cf10970033b?spc.page=2,,,THUMBNAIL,2024-12-31T12:24:36.743Z,,,e1a9f5de-d855-47f1-8df6-26c6c9295de7,257defdd-782e-4797-9917-48b1aaef1ac9,C-Reactive Protein Measurement,Concept Sets,Laboratory Results,
,false,,view,,,,0,7166da89-8609-49e5-9978-7e727940b5ff,ac367836-e6ad-4a5c-a5c6-cb0b0116bd10,,,961ed5fe-cb8b-4ca3-843b-6f3e325f5484,3ba287c6-7a99-4ae4-807b-3cf10970033b,,,,10.250.35.200,,10.250.35.200,,"Mozilla/5.0 (Macintosh; Intel Mac OS X 10_15_7) AppleWebKit/537.36 (KHTML, like Gecko) Chrome/131.0.0.0 Safari/537.36",,https://pedsnetapps.chop.edu/metadata/communities/3ba287c6-7a99-4ae4-807b-3cf10970033b?spc.page=2,,,THUMBNAIL,2024-12-31T12:24:36.774Z,,,28303d70-5274-4ef7-aee4-2d45be6e585f,7166da89-8609-49e5-9978-7e727940b5ff,Cytotoxic T Lymphocyte Associated Antigen 4 Immunoglobulin (CTLA-4-Ig),Concept Sets,Medications,
,false,,view,,,,0,47b4e883-3b3c-4bec-94b3-296bb24062cb,83b5ecec-d706-442a-b9df-c92cabfd51cd,,,1e732558-80b3-4da2-aa62-51f2ed187417,3ba287c6-7a99-4ae4-807b-3cf10970033b,,,,10.250.35.200,,10.250.35.200,,"Mozilla/5.0 (Macintosh; Intel Mac OS X 10_15_7) AppleWebKit/537.36 (KHTML, like Gecko) Chrome/131.0.0.0 Safari/537.36",,https://pedsnetapps.chop.edu/metadata/communities/3ba287c6-7a99-4ae4-807b-3cf10970033b?spc.page=2,,,THUMBNAIL,2024-12-31T12:24:36.776Z,,,ee945cdb-dfbd-4c57-baaa-b474482d6d53,47b4e883-3b3c-4bec-94b3-296bb24062cb,Diastolic Blood Pressure Measurement,Concept Sets,Physiological Measurements,
,false,,view,,,,0,4b4321b8-08d0-4952-99da-2cc0273ecffb,b4ef95fa-8bdf-42df-9079-3ffa29c44cc2,,,c3739b41-c38a-4ff6-be2e-3e570a0911a7,3ba287c6-7a99-4ae4-807b-3cf10970033b,,,,10.250.35.200,,10.250.35.200,,"Mozilla/5.0 (Macintosh; Intel Mac OS X 10_15_7) AppleWebKit/537.36 (KHTML, like Gecko) Chrome/131.0.0.0 Safari/537.36",,https://pedsnetapps.chop.edu/metadata/communities/3ba287c6-7a99-4ae4-807b-3cf10970033b?spc.page=2,,,THUMBNAIL,2024-12-31T12:24:36.778Z,,,ee945cdb-dfbd-4c57-baaa-b474482d6d53,4b4321b8-08d0-4952-99da-2cc0273ecffb,Body Mass Index Calculated by Source,Concept Sets,Physiological Measurements,
,false,,view,,,,0,585fad3b-c7de-42a4-8f4c-2319871f45fd,403a4aec-0c5f-44b8-b51f-3fb3e5536867,,,0695fbaa-fce9-4964-8ae7-6ac00318b32d,3ba287c6-7a99-4ae4-807b-3cf10970033b,,,,10.250.35.200,,10.250.35.200,,"Mozilla/5.0 (Macintosh; Intel Mac OS X 10_15_7) AppleWebKit/537.36 (KHTML, like Gecko) Chrome/131.0.0.0 Safari/537.36",,https://pedsnetapps.chop.edu/metadata/communities/3ba287c6-7a99-4ae4-807b-3cf10970033b?spc.page=2,,,THUMBNAIL,2024-12-31T12:24:36.780Z,,,fe552204-5f68-452e-b10c-b0694fa9b5ec,585fad3b-c7de-42a4-8f4c-2319871f45fd,General Visits,Concept Sets,Visits,
,false,,view,,,,0,c103be69-9e4e-4017-96dd-ca7f62f0d5b2,ef3a076c-4260-4e6c-b01a-63581f3f4b3a,,,6ef46623-04b1-485c-bb65-9665ef77ff53,3ba287c6-7a99-4ae4-807b-3cf10970033b,,,,10.250.35.200,,10.250.35.200,,"Mozilla/5.0 (Macintosh; Intel Mac OS X 10_15_7) AppleWebKit/537.36 (KHTML, like Gecko) Chrome/131.0.0.0 Safari/537.36",,https://pedsnetapps.chop.edu/metadata/communities/3ba287c6-7a99-4ae4-807b-3cf10970033b?spc.page=2,,,THUMBNAIL,2024-12-31T12:24:36.783Z,,,ee945cdb-dfbd-4c57-baaa-b474482d6d53,c103be69-9e4e-4017-96dd-ca7f62f0d5b2,Systolic Blood Pressure Measurement,Concept Sets,Physiological Measurements,
,false,,view,,,,0,ca5a1690-994d-41db-89d3-ac20336c2690,91ab54f1-aa96-471b-aed7-38cb70e63e54,,,6acb9f56-688a-492e-8ef8-0ee2ea1d5706,3ba287c6-7a99-4ae4-807b-3cf10970033b,,,,10.250.35.200,,10.250.35.200,,"Mozilla/5.0 (Macintosh; Intel Mac OS X 10_15_7) AppleWebKit/537.36 (KHTML, like Gecko) Chrome/131.0.0.0 Safari/537.36",,https://pedsnetapps.chop.edu/metadata/communities/3ba287c6-7a99-4ae4-807b-3cf10970033b?spc.page=2,,,THUMBNAIL,2024-12-31T12:24:36.850Z,,,ee945cdb-dfbd-4c57-baaa-b474482d6d53,ca5a1690-994d-41db-89d3-ac20336c2690,Weight,Concept Sets,Physiological Measurements,
,false,,view,,,,0,10b7b409-cdec-4122-8696-6fda4f8617db,3305c02a-4f74-45ed-b528-d223f13968d8,,,545b8dfc-4c4e-4aae-a6ed-2c9f7f640ff2,3ba287c6-7a99-4ae4-807b-3cf10970033b,,,,10.250.35.200,,10.250.35.200,,"Mozilla/5.0 (Macintosh; Intel Mac OS X 10_15_7) AppleWebKit/537.36 (KHTML, like Gecko) Chrome/131.0.0.0 Safari/537.36",,https://pedsnetapps.chop.edu/metadata/communities/3ba287c6-7a99-4ae4-807b-3cf10970033b?spc.page=2,,,THUMBNAIL,2024-12-31T12:24:36.853Z,,,ee945cdb-dfbd-4c57-baaa-b474482d6d53,10b7b409-cdec-4122-8696-6fda4f8617db,Height,Concept Sets,Physiological Measurements,
,false,,view,,,,0,13757c89-6614-4d03-ae10-26569042de6a,78692f39-3a7b-4eba-b7a0-c174dcc08e23,,,697090a6-877d-4f13-9146-3722c851c56a,3ba287c6-7a99-4ae4-807b-3cf10970033b,,,,10.250.35.200,,10.250.35.200,,"Mozilla/5.0 (Macintosh; Intel Mac OS X 10_15_7) AppleWebKit/537.36 (KHTML, like Gecko) Chrome/131.0.0.0 Safari/537.36",,https://pedsnetapps.chop.edu/metadata/communities/3ba287c6-7a99-4ae4-807b-3cf10970033b?spc.page=2,,,THUMBNAIL,2024-12-31T12:24:36.854Z,,,200771af-603d-4b71-8546-512e618b8b79,13757c89-6614-4d03-ae10-26569042de6a,"Glomerular Disease, SNOMED-Only Codes",Concept Sets,Diagnoses,
,false,,view,,,,0,280ef98c-80ed-4feb-9f3c-0a572d5c93a5,53690a78-f087-4cf5-b0db-abe5ed104794,,,92d40215-3c34-401f-b646-b872549d2188,3ba287c6-7a99-4ae4-807b-3cf10970033b,,,,10.250.35.200,,10.250.35.200,,"Mozilla/5.0 (Macintosh; Intel Mac OS X 10_15_7) AppleWebKit/537.36 (KHTML, like Gecko) Chrome/131.0.0.0 Safari/537.36",,https://pedsnetapps.chop.edu/metadata/communities/3ba287c6-7a99-4ae4-807b-3cf10970033b?spc.page=2,,,THUMBNAIL,2024-12-31T12:24:36.862Z,,,28303d70-5274-4ef7-aee4-2d45be6e585f,280ef98c-80ed-4feb-9f3c-0a572d5c93a5,Renin-Angiotensin-Aldosterone System (RAAS) Blockers,Concept Sets,Medications,
,false,,view,,,,4,81942697-486e-449e-9bae-4fb42c62d7b7,,,,3ba287c6-7a99-4ae4-807b-3cf10970033b,,,,,10.250.35.200,,10.250.35.200,,"Mozilla/5.0 (Macintosh; Intel Mac OS X 10_15_7) AppleWebKit/537.36 (KHTML, like Gecko) Chrome/131.0.0.0 Safari/537.36",,https://pedsnetapps.chop.edu/communities/3ba287c6-7a99-4ae4-807b-3cf10970033b?spc.page=2,,,,2024-12-31T12:24:53.974Z,,,,81942697-486e-449e-9bae-4fb42c62d7b7,,,,
,false,,view,,,,0,c473f810-24d2-4b5a-a9c2-ebadadea615b,1b2e0a58-a363-40af-a02b-c396f34a7b56,,,a1fbb3aa-9261-4a4c-a8fc-1342b0afb6c1,3ba287c6-7a99-4ae4-807b-3cf10970033b,,,,10.250.35.200,,10.250.35.200,,"Mozilla/5.0 (Macintosh; Intel Mac OS X 10_15_7) AppleWebKit/537.36 (KHTML, like Gecko) Chrome/131.0.0.0 Safari/537.36",,https://pedsnetapps.chop.edu/metadata/communities/3ba287c6-7a99-4ae4-807b-3cf10970033b?spc.page=3,,,THUMBNAIL,2024-12-31T12:24:54.657Z,,,e2596cba-28a8-4246-85b2-1feabd4d9aa2,c473f810-24d2-4b5a-a9c2-ebadadea615b,Shockwave Lithotripsy,Concept Sets,Procedures,
,false,,view,,,,0,3d516c9b-0b07-4915-a205-1a9e778ea564,66117d04-0278-420a-bd14-439ee56405b0,,,e3f49803-7d74-4753-b161-00940726f52a,3ba287c6-7a99-4ae4-807b-3cf10970033b,,,,10.250.35.200,,10.250.35.200,,"Mozilla/5.0 (Macintosh; Intel Mac OS X 10_15_7) AppleWebKit/537.36 (KHTML, like Gecko) Chrome/131.0.0.0 Safari/537.36",,https://pedsnetapps.chop.edu/metadata/communities/3ba287c6-7a99-4ae4-807b-3cf10970033b?spc.page=3,,,THUMBNAIL,2024-12-31T12:24:54.710Z,,,e2596cba-28a8-4246-85b2-1feabd4d9aa2,3d516c9b-0b07-4915-a205-1a9e778ea564,Ureteroscopy,Concept Sets,Procedures,
,false,,view,,,,0,6032c5c6-c2ed-462f-92fd-6a33a1aee99b,1d7eed5c-8631-4502-b2d1-5f2664435d31,,,45b4c524-df10-429f-80d4-aed9daf62d80,3ba287c6-7a99-4ae4-807b-3cf10970033b,,,,10.250.35.200,,10.250.35.200,,"Mozilla/5.0 (Macintosh; Intel Mac OS X 10_15_7) AppleWebKit/537.36 (KHTML, like Gecko) Chrome/131.0.0.0 Safari/537.36",,https://pedsnetapps.chop.edu/metadata/communities/3ba287c6-7a99-4ae4-807b-3cf10970033b?spc.page=3,,,THUMBNAIL,2024-12-31T12:24:54.712Z,,,28303d70-5274-4ef7-aee4-2d45be6e585f,6032c5c6-c2ed-462f-92fd-6a33a1aee99b,Beta Blockers,Concept Sets,Medications,
,false,,view,,,,0,26975bc5-8b60-4f83-ba81-32b5161b12c2,220d84f7-ec2f-433a-9ece-3c86388760f1,,,a34499a8-53fb-4cf4-a1b3-c79718a861c5,3ba287c6-7a99-4ae4-807b-3cf10970033b,,,,10.250.35.200,,10.250.35.200,,"Mozilla/5.0 (Macintosh; Intel Mac OS X 10_15_7) AppleWebKit/537.36 (KHTML, like Gecko) Chrome/131.0.0.0 Safari/537.36",,"https://pedsnetapps.chop.edu/metadata/communities/3ba287c6-7a99-4ae4-807b-3cf10970033b?spc.page=5&f.author=Utidjian,%20Levon,equals",,,THUMBNAIL,2024-12-31T12:25:33.588Z,,,200771af-603d-4b71-8546-512e618b8b79,26975bc5-8b60-4f83-ba81-32b5161b12c2,"Chronic Kidney Disease, All Stages",Concept Sets,Diagnoses,
,false,,view,,,,0,ec6c1508-7dfe-48a9-a59c-5f5cc5c4a4b5,bf9dd267-7d45-4a58-a0db-2093d15c5855,,,9acaabee-09d6-43f3-a027-3e9f4c225cd9,3ba287c6-7a99-4ae4-807b-3cf10970033b,,,,10.250.35.200,,10.250.35.200,,"Mozilla/5.0 (Macintosh; Intel Mac OS X 10_15_7) AppleWebKit/537.36 (KHTML, like Gecko) Chrome/131.0.0.0 Safari/537.36",,https://pedsnetapps.chop.edu/metadata/communities/3ba287c6-7a99-4ae4-807b-3cf10970033b?spc.page=3,,,THUMBNAIL,2024-12-31T12:24:54.712Z,,,28303d70-5274-4ef7-aee4-2d45be6e585f,ec6c1508-7dfe-48a9-a59c-5f5cc5c4a4b5,Anti-Asthmatic Agents,Concept Sets,Medications,
,false,,view,,,,0,14657f6c-f2a5-49be-be7b-884d6e7f2682,42616f46-35df-4562-bc38-2ef62c8d3671,,,40277b58-2925-4098-9901-f7f71065d385,3ba287c6-7a99-4ae4-807b-3cf10970033b,,,,10.250.35.200,,10.250.35.200,,"Mozilla/5.0 (Macintosh; Intel Mac OS X 10_15_7) AppleWebKit/537.36 (KHTML, like Gecko) Chrome/131.0.0.0 Safari/537.36",,https://pedsnetapps.chop.edu/metadata/communities/3ba287c6-7a99-4ae4-807b-3cf10970033b?spc.page=3,,,THUMBNAIL,2024-12-31T12:24:54.715Z,,,e2596cba-28a8-4246-85b2-1feabd4d9aa2,14657f6c-f2a5-49be-be7b-884d6e7f2682,Ureteral Stent,Concept Sets,Procedures,
,false,,view,,,,0,df3f1b4d-79d5-4b7b-97d6-043dd8ee443a,b9244a77-c707-4df5-b638-bc331d5e0865,,,d55bf15b-c4b5-42ef-a471-04d3d8c11d52,3ba287c6-7a99-4ae4-807b-3cf10970033b,,,,10.250.35.200,,10.250.35.200,,"Mozilla/5.0 (Macintosh; Intel Mac OS X 10_15_7) AppleWebKit/537.36 (KHTML, like Gecko) Chrome/131.0.0.0 Safari/537.36",,https://pedsnetapps.chop.edu/metadata/communities/3ba287c6-7a99-4ae4-807b-3cf10970033b?spc.page=3,,,THUMBNAIL,2024-12-31T12:24:54.728Z,,,28303d70-5274-4ef7-aee4-2d45be6e585f,df3f1b4d-79d5-4b7b-97d6-043dd8ee443a,Calcium Channel Blockers,Concept Sets,Medications,
,false,,view,,,,0,16ebef6b-3c35-40b0-91e8-94d9ac24209d,47cf1170-be01-493d-af76-3cd092004c0b,,,4628a75f-6185-4759-b5a4-517bbadbe05b,3ba287c6-7a99-4ae4-807b-3cf10970033b,,,,10.250.35.200,,10.250.35.200,,"Mozilla/5.0 (Macintosh; Intel Mac OS X 10_15_7) AppleWebKit/537.36 (KHTML, like Gecko) Chrome/131.0.0.0 Safari/537.36",,https://pedsnetapps.chop.edu/metadata/communities/3ba287c6-7a99-4ae4-807b-3cf10970033b?spc.page=3,,,THUMBNAIL,2024-12-31T12:24:54.732Z,,,28303d70-5274-4ef7-aee4-2d45be6e585f,16ebef6b-3c35-40b0-91e8-94d9ac24209d,Angiotensin Receptor Blockers,Concept Sets,Medications,
,false,,view,,,,0,20266bbf-2b1e-4634-a78f-119260d29592,806d1eb7-7ada-4a3a-a437-0f620c4e8619,,,eefa5665-3f90-4a93-94b5-ad2da0c63aec,3ba287c6-7a99-4ae4-807b-3cf10970033b,,,,10.250.35.200,,10.250.35.200,,"Mozilla/5.0 (Macintosh; Intel Mac OS X 10_15_7) AppleWebKit/537.36 (KHTML, like Gecko) Chrome/131.0.0.0 Safari/537.36",,https://pedsnetapps.chop.edu/metadata/communities/3ba287c6-7a99-4ae4-807b-3cf10970033b?spc.page=3,,,THUMBNAIL,2024-12-31T12:24:54.782Z,,,200771af-603d-4b71-8546-512e618b8b79,20266bbf-2b1e-4634-a78f-119260d29592,Acute Respiratory Distress Syndrome,Concept Sets,Diagnoses,
,false,,view,,,,0,16ee5e8f-35bc-4f81-bd5d-a009b43fc1e9,1003abd6-66cb-4a60-8872-d181c5024f00,,,9219e8cd-9468-4ac7-816c-afdb8b5f6b06,3ba287c6-7a99-4ae4-807b-3cf10970033b,,,,10.250.35.200,,10.250.35.200,,"Mozilla/5.0 (Macintosh; Intel Mac OS X 10_15_7) AppleWebKit/537.36 (KHTML, like Gecko) Chrome/131.0.0.0 Safari/537.36",,https://pedsnetapps.chop.edu/metadata/communities/3ba287c6-7a99-4ae4-807b-3cf10970033b?spc.page=3,,,THUMBNAIL,2024-12-31T12:24:54.794Z,,,28303d70-5274-4ef7-aee4-2d45be6e585f,16ee5e8f-35bc-4f81-bd5d-a009b43fc1e9,ACE Inhibitors,Concept Sets,Medications,
,false,,view,,,,0,846256e7-62f1-4125-9b4f-2ac8cfcbc84e,ec958024-efaa-4699-8650-25e1e2ddd331,,,47287a5d-1119-473c-baef-ea27c6fdf543,3ba287c6-7a99-4ae4-807b-3cf10970033b,,,,10.250.35.200,,10.250.35.200,,"Mozilla/5.0 (Macintosh; Intel Mac OS X 10_15_7) AppleWebKit/537.36 (KHTML, like Gecko) Chrome/131.0.0.0 Safari/537.36",,https://pedsnetapps.chop.edu/metadata/communities/3ba287c6-7a99-4ae4-807b-3cf10970033b?spc.page=3,,,THUMBNAIL,2024-12-31T12:24:54.797Z,,,200771af-603d-4b71-8546-512e618b8b79,846256e7-62f1-4125-9b4f-2ac8cfcbc84e,Anaphylaxis,Concept Sets,Diagnoses,
,false,,view,,,,4,210cbf09-6061-4cc0-a58c-17ab3cee727b,,,,3ba287c6-7a99-4ae4-807b-3cf10970033b,,,,,10.250.35.200,,10.250.35.200,,"Mozilla/5.0 (Macintosh; Intel Mac OS X 10_15_7) AppleWebKit/537.36 (KHTML, like Gecko) Chrome/131.0.0.0 Safari/537.36",,https://pedsnetapps.chop.edu/communities/3ba287c6-7a99-4ae4-807b-3cf10970033b?spc.page=3,,,,2024-12-31T12:25:01.389Z,,,,210cbf09-6061-4cc0-a58c-17ab3cee727b,,,,
,false,,view,,,,0,f5eb9a3b-131c-4ccf-96e4-945299821a36,250ed716-61a1-4aaf-b387-76e6ed1094ba,,,e180689d-1e20-4ffe-90b5-e05037738d49,3ba287c6-7a99-4ae4-807b-3cf10970033b,,,,10.250.35.200,,10.250.35.200,,"Mozilla/5.0 (Macintosh; Intel Mac OS X 10_15_7) AppleWebKit/537.36 (KHTML, like Gecko) Chrome/131.0.0.0 Safari/537.36",,https://pedsnetapps.chop.edu/metadata/communities/3ba287c6-7a99-4ae4-807b-3cf10970033b?spc.page=7,,,THUMBNAIL,2024-12-31T12:25:02.023Z,,,200771af-603d-4b71-8546-512e618b8b79,f5eb9a3b-131c-4ccf-96e4-945299821a36,Allergic Rhinitis for Tympanostomy Tube Outcomes,Concept Sets,Diagnoses,
,false,,view,,,,0,51db18c9-bc51-49a5-af73-d814e76a29df,b938ec47-0ce5-4ef0-8520-8ce0edd9dfcb,,,f49bf73f-89aa-4cd6-82cf-bf4cc2b357aa,3ba287c6-7a99-4ae4-807b-3cf10970033b,,,,10.250.35.200,,10.250.35.200,,"Mozilla/5.0 (Macintosh; Intel Mac OS X 10_15_7) AppleWebKit/537.36 (KHTML, like Gecko) Chrome/131.0.0.0 Safari/537.36",,https://pedsnetapps.chop.edu/metadata/communities/3ba287c6-7a99-4ae4-807b-3cf10970033b?spc.page=7,,,THUMBNAIL,2024-12-31T12:25:02.054Z,,,fe552204-5f68-452e-b10c-b0694fa9b5ec,51db18c9-bc51-49a5-af73-d814e76a29df,"Cardiology, Providers and Care Sites",Concept Sets,Visits,
,false,,view,,,,0,2fec09d7-78fd-483e-88df-6205f6a9d23e,29e05cb3-1824-4470-b676-151aa1e4e715,,,bcc57ead-fdaf-4232-a461-1d3bc6427ac9,3ba287c6-7a99-4ae4-807b-3cf10970033b,,,,10.250.35.200,,10.250.35.200,,"Mozilla/5.0 (Macintosh; Intel Mac OS X 10_15_7) AppleWebKit/537.36 (KHTML, like Gecko) Chrome/131.0.0.0 Safari/537.36",,https://pedsnetapps.chop.edu/metadata/communities/3ba287c6-7a99-4ae4-807b-3cf10970033b?spc.page=7,,,THUMBNAIL,2024-12-31T12:25:02.056Z,,,200771af-603d-4b71-8546-512e618b8b79,2fec09d7-78fd-483e-88df-6205f6a9d23e,Otitis Media for Developing an Achondroplasia Phenotype,Concept Sets,Diagnoses,
,false,,view,,,,0,b5eba1f4-6ee6-4cb3-83ed-7e40f75923ed,4c4c522c-d553-4ffd-a760-841487ce9d16,,,3c348bd1-e051-450b-b52c-96dd74ec3d29,3ba287c6-7a99-4ae4-807b-3cf10970033b,,,,10.250.35.200,,10.250.35.200,,"Mozilla/5.0 (Macintosh; Intel Mac OS X 10_15_7) AppleWebKit/537.36 (KHTML, like Gecko) Chrome/131.0.0.0 Safari/537.36",,https://pedsnetapps.chop.edu/metadata/communities/3ba287c6-7a99-4ae4-807b-3cf10970033b?spc.page=7,,,THUMBNAIL,2024-12-31T12:25:02.067Z,,,200771af-603d-4b71-8546-512e618b8b79,b5eba1f4-6ee6-4cb3-83ed-7e40f75923ed,Otitis Media for Tympanostomy Tube Outcomes,Concept Sets,Diagnoses,
,false,,view,,,,0,9c13728f-b372-4791-959d-ebbe309559eb,55f90d70-b9e5-42ad-b54b-7593668caedf,,,9aba583f-90b5-45bd-b97c-6a248de0007c,3ba287c6-7a99-4ae4-807b-3cf10970033b,,,,10.250.35.200,,10.250.35.200,,"Mozilla/5.0 (Macintosh; Intel Mac OS X 10_15_7) AppleWebKit/537.36 (KHTML, like Gecko) Chrome/131.0.0.0 Safari/537.36",,https://pedsnetapps.chop.edu/metadata/communities/3ba287c6-7a99-4ae4-807b-3cf10970033b?spc.page=7,,,THUMBNAIL,2024-12-31T12:25:02.071Z,,,200771af-603d-4b71-8546-512e618b8b79,9c13728f-b372-4791-959d-ebbe309559eb,Post-Acute Sequelae of SARS-CoV2,Concept Sets,Diagnoses,
,false,,view,,,,0,0d789922-a5b6-4518-8888-1069995f789d,3870f1a1-5c84-4f16-9c05-3f5d3f712805,,,05cb9bcb-7b93-4319-bab9-6592b78a0ffc,3ba287c6-7a99-4ae4-807b-3cf10970033b,,,,10.250.35.200,,10.250.35.200,,"Mozilla/5.0 (Macintosh; Intel Mac OS X 10_15_7) AppleWebKit/537.36 (KHTML, like Gecko) Chrome/131.0.0.0 Safari/537.36",,https://pedsnetapps.chop.edu/metadata/communities/3ba287c6-7a99-4ae4-807b-3cf10970033b?spc.page=7,,,THUMBNAIL,2024-12-31T12:25:02.072Z,,,200771af-603d-4b71-8546-512e618b8b79,0d789922-a5b6-4518-8888-1069995f789d,Nephrotic Syndrome,Concept Sets,Diagnoses,
,false,,view,,,,0,7f7fa9d7-5366-4579-ad00-c7ba93b3be0b,8602926d-094d-4741-8afc-c51500edd754,,,1fddb9c2-9f84-4c13-8f7a-1dc01c0c9400,3ba287c6-7a99-4ae4-807b-3cf10970033b,,,,10.250.35.200,,10.250.35.200,,"Mozilla/5.0 (Macintosh; Intel Mac OS X 10_15_7) AppleWebKit/537.36 (KHTML, like Gecko) Chrome/131.0.0.0 Safari/537.36",,https://pedsnetapps.chop.edu/metadata/communities/3ba287c6-7a99-4ae4-807b-3cf10970033b?spc.page=7,,,THUMBNAIL,2024-12-31T12:25:02.081Z,,,200771af-603d-4b71-8546-512e618b8b79,7f7fa9d7-5366-4579-ad00-c7ba93b3be0b,Proteinuria,Concept Sets,Diagnoses,
,false,,view,,,,0,a2f09e80-bb01-4c8b-9d3d-6e7f406e94f4,6df2ef26-2dd6-4317-8ecb-83e5215db7c0,,,48196662-7499-45fc-b324-5f5f7479fc4f,3ba287c6-7a99-4ae4-807b-3cf10970033b,,,,10.250.35.200,,10.250.35.200,,"Mozilla/5.0 (Macintosh; Intel Mac OS X 10_15_7) AppleWebKit/537.36 (KHTML, like Gecko) Chrome/131.0.0.0 Safari/537.36",,https://pedsnetapps.chop.edu/metadata/communities/3ba287c6-7a99-4ae4-807b-3cf10970033b?spc.page=7,,,THUMBNAIL,2024-12-31T12:25:02.122Z,,,200771af-603d-4b71-8546-512e618b8b79,a2f09e80-bb01-4c8b-9d3d-6e7f406e94f4,Viral Illness,Concept Sets,Diagnoses,
,false,,view,,,,0,a5cc9ba3-f6ab-44a3-aae2-8000e6cb9ea4,0f79621c-ee7e-4fe2-9161-99784be40961,,,8ebc2d16-303c-4bf2-9a5e-81f64d57ed59,3ba287c6-7a99-4ae4-807b-3cf10970033b,,,,10.250.35.200,,10.250.35.200,,"Mozilla/5.0 (Macintosh; Intel Mac OS X 10_15_7) AppleWebKit/537.36 (KHTML, like Gecko) Chrome/131.0.0.0 Safari/537.36",,https://pedsnetapps.chop.edu/metadata/communities/3ba287c6-7a99-4ae4-807b-3cf10970033b?spc.page=7,,,THUMBNAIL,2024-12-31T12:25:02.129Z,,,200771af-603d-4b71-8546-512e618b8b79,a5cc9ba3-f6ab-44a3-aae2-8000e6cb9ea4,Skin Rash,Concept Sets,Diagnoses,
,false,,view,,,,0,50d8b1fe-c35f-4da4-849c-b68b6dbd6451,bd1ea3cf-c210-45a9-956c-7719946a47d6,,,fdcf1f2b-ed6e-4819-9655-47bb5cd45ecd,3ba287c6-7a99-4ae4-807b-3cf10970033b,,,,10.250.35.200,,10.250.35.200,,"Mozilla/5.0 (Macintosh; Intel Mac OS X 10_15_7) AppleWebKit/537.36 (KHTML, like Gecko) Chrome/131.0.0.0 Safari/537.36",,https://pedsnetapps.chop.edu/metadata/communities/3ba287c6-7a99-4ae4-807b-3cf10970033b?spc.page=7,,,THUMBNAIL,2024-12-31T12:25:02.138Z,,,200771af-603d-4b71-8546-512e618b8b79,50d8b1fe-c35f-4da4-849c-b68b6dbd6451,Obesity in PCORnet CDM,Concept Sets,Diagnoses,
,false,,view,,,,4,3d5c0692-aad1-45fb-ac77-171c7a09effc,,,,3ba287c6-7a99-4ae4-807b-3cf10970033b,,,,,10.250.35.200,,10.250.35.200,,"Mozilla/5.0 (Macintosh; Intel Mac OS X 10_15_7) AppleWebKit/537.36 (KHTML, like Gecko) Chrome/131.0.0.0 Safari/537.36",,https://pedsnetapps.chop.edu/communities/3ba287c6-7a99-4ae4-807b-3cf10970033b?spc.page=7,,,,2024-12-31T12:25:13.385Z,,,,3d5c0692-aad1-45fb-ac77-171c7a09effc,,,,
,false,,view,,,,4,04eeee09-7752-43ef-9046-291addcbe409,,,,3ba287c6-7a99-4ae4-807b-3cf10970033b,,,,,10.250.35.200,,10.250.35.200,,"Mozilla/5.0 (Macintosh; Intel Mac OS X 10_15_7) AppleWebKit/537.36 (KHTML, like Gecko) Chrome/131.0.0.0 Safari/537.36",,"https://pedsnetapps.chop.edu/communities/3ba287c6-7a99-4ae4-807b-3cf10970033b?spc.page=1&f.author=sandra,query",,,,2024-12-31T12:25:16.337Z,,,,04eeee09-7752-43ef-9046-291addcbe409,,,,
,false,,view,,,,4,e6f85f08-b16a-4804-bcb8-72934e428b53,,,,3ba287c6-7a99-4ae4-807b-3cf10970033b,,,,,10.250.35.200,,10.250.35.200,,"Mozilla/5.0 (Macintosh; Intel Mac OS X 10_15_7) AppleWebKit/537.36 (KHTML, like Gecko) Chrome/131.0.0.0 Safari/537.36",,https://pedsnetapps.chop.edu/communities/3ba287c6-7a99-4ae4-807b-3cf10970033b?spc.page=7,,,,2024-12-31T12:25:25.420Z,,,,e6f85f08-b16a-4804-bcb8-72934e428b53,,,,
,false,,view,,,,4,d99dfe48-36c7-482e-938c-2ad0273f5581,,,,3ba287c6-7a99-4ae4-807b-3cf10970033b,,,,,10.250.35.200,,10.250.35.200,,"Mozilla/5.0 (Macintosh; Intel Mac OS X 10_15_7) AppleWebKit/537.36 (KHTML, like Gecko) Chrome/131.0.0.0 Safari/537.36",,"https://pedsnetapps.chop.edu/communities/3ba287c6-7a99-4ae4-807b-3cf10970033b?spc.page=1&f.author=Utidjian,%20Levon,equals",,,,2024-12-31T12:25:33.017Z,,,,d99dfe48-36c7-482e-938c-2ad0273f5581,,,,
,false,,view,,,,0,7e6d2406-454b-4595-a544-481f129127a6,1ebe8ef7-9d6f-4539-acda-b6fba66423a5,,,52a327be-2344-4dd4-94c5-369a33766552,3ba287c6-7a99-4ae4-807b-3cf10970033b,,,,10.250.35.200,,10.250.35.200,,"Mozilla/5.0 (Macintosh; Intel Mac OS X 10_15_7) AppleWebKit/537.36 (KHTML, like Gecko) Chrome/131.0.0.0 Safari/537.36",,"https://pedsnetapps.chop.edu/metadata/communities/3ba287c6-7a99-4ae4-807b-3cf10970033b?spc.page=5&f.author=Utidjian,%20Levon,equals",,,THUMBNAIL,2024-12-31T12:25:33.551Z,,,200771af-603d-4b71-8546-512e618b8b79,7e6d2406-454b-4595-a544-481f129127a6,Cough,Concept Sets,Diagnoses,
,false,,view,,,,0,43c2083a-4dce-4067-af56-ed10179061a1,5a30355f-6087-4863-968a-ea8ad8943785,,,04053616-762b-494d-8e18-7d90f373f212,3ba287c6-7a99-4ae4-807b-3cf10970033b,,,,10.250.35.200,,10.250.35.200,,"Mozilla/5.0 (Macintosh; Intel Mac OS X 10_15_7) AppleWebKit/537.36 (KHTML, like Gecko) Chrome/131.0.0.0 Safari/537.36",,"https://pedsnetapps.chop.edu/metadata/communities/3ba287c6-7a99-4ae4-807b-3cf10970033b?spc.page=5&f.author=Utidjian,%20Levon,equals",,,THUMBNAIL,2024-12-31T12:25:33.588Z,,,200771af-603d-4b71-8546-512e618b8b79,43c2083a-4dce-4067-af56-ed10179061a1,Edema,Concept Sets,Diagnoses,
,false,,view,,,,0,95f5fc8a-c9b4-46e0-915d-2db16e74926c,7d4a9206-f143-45ad-9626-80710b887947,,,2813435a-5622-4ed8-a0f6-60606bc97424,3ba287c6-7a99-4ae4-807b-3cf10970033b,,,,10.250.35.200,,10.250.35.200,,"Mozilla/5.0 (Macintosh; Intel Mac OS X 10_15_7) AppleWebKit/537.36 (KHTML, like Gecko) Chrome/131.0.0.0 Safari/537.36",,"https://pedsnetapps.chop.edu/metadata/communities/3ba287c6-7a99-4ae4-807b-3cf10970033b?spc.page=5&f.author=Utidjian,%20Levon,equals",,,THUMBNAIL,2024-12-31T12:25:33.589Z,,,200771af-603d-4b71-8546-512e618b8b79,95f5fc8a-c9b4-46e0-915d-2db16e74926c,Congenital Anomalies of the Kidney and Urinary Tract (CAKUT),Concept Sets,Diagnoses,
,false,,view,,,,0,631eb47f-5f37-4bfe-b75a-b77ee5412a70,b29c83c0-145d-42d1-a5eb-e9b519373c28,,,0992e27f-5298-40a1-aa79-90e836df6cf7,3ba287c6-7a99-4ae4-807b-3cf10970033b,,,,10.250.35.200,,10.250.35.200,,"Mozilla/5.0 (Macintosh; Intel Mac OS X 10_15_7) AppleWebKit/537.36 (KHTML, like Gecko) Chrome/131.0.0.0 Safari/537.36",,"https://pedsnetapps.chop.edu/metadata/communities/3ba287c6-7a99-4ae4-807b-3cf10970033b?spc.page=5&f.author=Utidjian,%20Levon,equals",,,THUMBNAIL,2024-12-31T12:25:33.595Z,,,e2596cba-28a8-4246-85b2-1feabd4d9aa2,631eb47f-5f37-4bfe-b75a-b77ee5412a70,Kidney Dialysis,Concept Sets,Procedures,
,false,,view,,,,0,d83f1266-4780-4f0f-b0a5-a7d8f3a863ce,36b64426-7e48-4013-8bb3-b6c8c868213e,,,833cfa7c-76df-46d0-a307-a720e3ff661f,3ba287c6-7a99-4ae4-807b-3cf10970033b,,,,10.250.35.200,,10.250.35.200,,"Mozilla/5.0 (Macintosh; Intel Mac OS X 10_15_7) AppleWebKit/537.36 (KHTML, like Gecko) Chrome/131.0.0.0 Safari/537.36",,"https://pedsnetapps.chop.edu/metadata/communities/3ba287c6-7a99-4ae4-807b-3cf10970033b?spc.page=5&f.author=Utidjian,%20Levon,equals",,,THUMBNAIL,2024-12-31T12:25:33.600Z,,,200771af-603d-4b71-8546-512e618b8b79,d83f1266-4780-4f0f-b0a5-a7d8f3a863ce,Asthma,Concept Sets,Diagnoses,
,false,,view,,,,0,8e9763df-8539-47cb-b53c-98106281e4f5,21ef18a9-9e43-40ae-b684-39be8e3a8c58,,,8644e21c-fff3-444e-9da5-3ad9a11b646b,3ba287c6-7a99-4ae4-807b-3cf10970033b,,,,10.250.35.200,,10.250.35.200,,"Mozilla/5.0 (Macintosh; Intel Mac OS X 10_15_7) AppleWebKit/537.36 (KHTML, like Gecko) Chrome/131.0.0.0 Safari/537.36",,"https://pedsnetapps.chop.edu/metadata/communities/3ba287c6-7a99-4ae4-807b-3cf10970033b?spc.page=5&f.author=Utidjian,%20Levon,equals",,,THUMBNAIL,2024-12-31T12:25:33.633Z,,,28303d70-5274-4ef7-aee4-2d45be6e585f,8e9763df-8539-47cb-b53c-98106281e4f5,Thiazides,Concept Sets,Medications,
,false,,view,,,,0,59195f5b-5d4c-4581-9240-e36ec21463b9,4133a1b9-fc5a-4670-bbd1-a707d0969e71,,,d6ebbf98-2749-4bec-a36a-30e7d0f15e12,3ba287c6-7a99-4ae4-807b-3cf10970033b,,,,10.250.35.200,,10.250.35.200,,"Mozilla/5.0 (Macintosh; Intel Mac OS X 10_15_7) AppleWebKit/537.36 (KHTML, like Gecko) Chrome/131.0.0.0 Safari/537.36",,"https://pedsnetapps.chop.edu/metadata/communities/3ba287c6-7a99-4ae4-807b-3cf10970033b?spc.page=5&f.author=Utidjian,%20Levon,equals",,,THUMBNAIL,2024-12-31T12:25:33.698Z,,,200771af-603d-4b71-8546-512e618b8b79,59195f5b-5d4c-4581-9240-e36ec21463b9,Premature Birth,Concept Sets,Diagnoses,
,false,,view,,,,0,fbfff5be-305a-45f8-9350-3133e6f07712,6e959057-39ec-4d9b-94e8-afd6f4c8ea3b,,,6a8c226e-6bdb-4d3f-ae6d-05208b43a8e9,3ba287c6-7a99-4ae4-807b-3cf10970033b,,,,10.250.35.200,,10.250.35.200,,"Mozilla/5.0 (Macintosh; Intel Mac OS X 10_15_7) AppleWebKit/537.36 (KHTML, like Gecko) Chrome/131.0.0.0 Safari/537.36",,"https://pedsnetapps.chop.edu/metadata/communities/3ba287c6-7a99-4ae4-807b-3cf10970033b?spc.page=5&f.author=Utidjian,%20Levon,equals",,,THUMBNAIL,2024-12-31T12:25:33.703Z,,,28303d70-5274-4ef7-aee4-2d45be6e585f,fbfff5be-305a-45f8-9350-3133e6f07712,Loop Diuretics,Concept Sets,Medications,
,false,,view,,,,0,a79716a2-5d54-4fb6-a731-d0ea3389cbe4,07e8dbe3-e1a8-4ee9-88db-db7243b28e69,,,937d3a21-b166-4dd9-921e-c6d008a9131d,3ba287c6-7a99-4ae4-807b-3cf10970033b,,,,10.250.35.200,,10.250.35.200,,"Mozilla/5.0 (Macintosh; Intel Mac OS X 10_15_7) AppleWebKit/537.36 (KHTML, like Gecko) Chrome/131.0.0.0 Safari/537.36",,"https://pedsnetapps.chop.edu/metadata/communities/3ba287c6-7a99-4ae4-807b-3cf10970033b?spc.page=5&f.author=Utidjian,%20Levon,equals",,,THUMBNAIL,2024-12-31T12:25:33.710Z,,,e1a9f5de-d855-47f1-8df6-26c6c9295de7,a79716a2-5d54-4fb6-a731-d0ea3389cbe4,Urine Protein to Creatinine Ratio Measurement,Concept Sets,Laboratory Results,
,false,,view,,,,2,81971bc6-98c9-4c56-84ae-ff23f457ffa8,,,,220d84f7-ec2f-433a-9ece-3c86388760f1,3ba287c6-7a99-4ae4-807b-3cf10970033b,,,,10.250.35.200,,10.250.35.200,,"Mozilla/5.0 (Macintosh; Intel Mac OS X 10_15_7) AppleWebKit/537.36 (KHTML, like Gecko) Chrome/131.0.0.0 Safari/537.36",,"https://pedsnetapps.chop.edu/communities/3ba287c6-7a99-4ae4-807b-3cf10970033b?spc.page=5&f.author=Utidjian,%20Levon,equals",,,,2024-12-31T12:25:40.613Z,,,200771af-603d-4b71-8546-512e618b8b79,81971bc6-98c9-4c56-84ae-ff23f457ffa8,,Concept Sets,Diagnoses,
,false,,view,,,,5,f5c86031-bc04-4225-9a61-72cdd975b8c9,,,,0ca0dae5-f60a-472a-8797-45345e117dd2,,,,,10.250.35.200,,10.250.35.200,,"Mozilla/5.0 (Macintosh; Intel Mac OS X 10_15_7) AppleWebKit/537.36 (KHTML, like Gecko) Chrome/131.0.0.0 Safari/537.36",,https://pedsnetapps.chop.edu/entities/conceptset/220d84f7-ec2f-433a-9ece-3c86388760f1,,,,2024-12-31T12:25:56.998Z,,,,f5c86031-bc04-4225-9a61-72cdd975b8c9,,,,
,false,,view,,,,4,f9f7e5cd-9f09-45e1-9dc5-5cf910cb292e,,,,3ba287c6-7a99-4ae4-807b-3cf10970033b,,,,,10.250.35.200,,10.250.35.200,,"Mozilla/5.0 (Macintosh; Intel Mac OS X 10_15_7) AppleWebKit/537.36 (KHTML, like Gecko) Chrome/131.0.0.0 Safari/537.36",,https://pedsnetapps.chop.edu/home,,,,2024-12-31T12:25:59.665Z,,,,f9f7e5cd-9f09-45e1-9dc5-5cf910cb292e,,,,
,false,,view,,,,0,b799a87b-86e6-488f-b713-662ded8e95f1,787d7a86-7177-4f06-9bc0-558312881c26,,,cb7fe4b2-c464-4120-a4b8-0061a3428c8e,3ba287c6-7a99-4ae4-807b-3cf10970033b,,,,10.250.35.200,,10.250.35.200,,"Mozilla/5.0 (Macintosh; Intel Mac OS X 10_15_7) AppleWebKit/537.36 (KHTML, like Gecko) Chrome/131.0.0.0 Safari/537.36",,https://pedsnetapps.chop.edu/metadata/communities/3ba287c6-7a99-4ae4-807b-3cf10970033b,,,THUMBNAIL,2024-12-31T12:26:05.718Z,,,e1a9f5de-d855-47f1-8df6-26c6c9295de7,b799a87b-86e6-488f-b713-662ded8e95f1,Fetal Hemoglobin,Concept Sets,Laboratory Results,
,false,,view,,,,0,beea06f7-6581-4564-b793-c23beac6e19b,7bc8e05b-d0df-466f-9df2-6f96cb4332cf,,,9c212c8c-f5a4-496f-b084-4c32418dfede,3ba287c6-7a99-4ae4-807b-3cf10970033b,,,,10.250.35.200,,10.250.35.200,,"Mozilla/5.0 (Macintosh; Intel Mac OS X 10_15_7) AppleWebKit/537.36 (KHTML, like Gecko) Chrome/131.0.0.0 Safari/537.36",,https://pedsnetapps.chop.edu/metadata/communities/3ba287c6-7a99-4ae4-807b-3cf10970033b,,,THUMBNAIL,2024-12-31T12:26:05.748Z,,,e1a9f5de-d855-47f1-8df6-26c6c9295de7,beea06f7-6581-4564-b793-c23beac6e19b,Protein C,Concept Sets,Laboratory Results,
,false,,view,,,,0,28af7271-dd5b-4482-ac43-c81d7a07cba4,75b95eab-20c6-4ede-88c7-1360b38bac5b,,,6b34dec1-0a12-42b9-96e5-6c853467f62b,3ba287c6-7a99-4ae4-807b-3cf10970033b,,,,10.250.35.200,,10.250.35.200,,"Mozilla/5.0 (Macintosh; Intel Mac OS X 10_15_7) AppleWebKit/537.36 (KHTML, like Gecko) Chrome/131.0.0.0 Safari/537.36",,https://pedsnetapps.chop.edu/metadata/communities/3ba287c6-7a99-4ae4-807b-3cf10970033b,,,THUMBNAIL,2024-12-31T12:26:05.751Z,,,e1a9f5de-d855-47f1-8df6-26c6c9295de7,28af7271-dd5b-4482-ac43-c81d7a07cba4,Protein S,Concept Sets,Laboratory Results,
,false,,view,,,,0,8d2c4028-5913-46b1-a553-47b3e9f996cb,ca11d383-107a-4f36-a182-9729df07f977,,,9a2f49e1-c3ee-4bd1-aee8-2a00b9b73930,3ba287c6-7a99-4ae4-807b-3cf10970033b,,,,10.250.35.200,,10.250.35.200,,"Mozilla/5.0 (Macintosh; Intel Mac OS X 10_15_7) AppleWebKit/537.36 (KHTML, like Gecko) Chrome/131.0.0.0 Safari/537.36",,https://pedsnetapps.chop.edu/metadata/communities/3ba287c6-7a99-4ae4-807b-3cf10970033b,,,THUMBNAIL,2024-12-31T12:26:05.755Z,,,e1a9f5de-d855-47f1-8df6-26c6c9295de7,8d2c4028-5913-46b1-a553-47b3e9f996cb,Mean Corpuscular Volume,Concept Sets,Laboratory Results,
,false,,view,,,,0,04e415d2-7b0d-4fed-8ea0-f414171f7904,63597e19-9d57-4cea-b7c8-14d91080ac83,,,98e8e37e-a5da-4bfe-a4d7-54fc5eda13e4,3ba287c6-7a99-4ae4-807b-3cf10970033b,,,,10.250.35.200,,10.250.35.200,,"Mozilla/5.0 (Macintosh; Intel Mac OS X 10_15_7) AppleWebKit/537.36 (KHTML, like Gecko) Chrome/131.0.0.0 Safari/537.36",,https://pedsnetapps.chop.edu/metadata/communities/3ba287c6-7a99-4ae4-807b-3cf10970033b,,,THUMBNAIL,2024-12-31T12:26:05.756Z,,,200771af-603d-4b71-8546-512e618b8b79,04e415d2-7b0d-4fed-8ea0-f414171f7904,Pediatric Rheumatology Clusters,Concept Sets,Diagnoses,
,false,,view,,,,0,291811ee-5a52-46f5-8125-cae0b428ebf3,86885362-282f-4c35-be21-9c3ca4505e7e,,,ca4faeb7-8332-4949-ba13-ca87299857d4,3ba287c6-7a99-4ae4-807b-3cf10970033b,,,,10.250.35.200,,10.250.35.200,,"Mozilla/5.0 (Macintosh; Intel Mac OS X 10_15_7) AppleWebKit/537.36 (KHTML, like Gecko) Chrome/131.0.0.0 Safari/537.36",,https://pedsnetapps.chop.edu/metadata/communities/3ba287c6-7a99-4ae4-807b-3cf10970033b,,,THUMBNAIL,2024-12-31T12:26:05.762Z,,,e1a9f5de-d855-47f1-8df6-26c6c9295de7,291811ee-5a52-46f5-8125-cae0b428ebf3,Factor VIII,Concept Sets,Laboratory Results,
,false,,view,,,,0,7c68b6c5-d95c-4e35-8b28-ba163e1ecca8,bd901671-ff8c-44f1-9ad4-fed1c3bb1e42,,,15274d41-70ee-4b0e-b4f8-6c03e6ed8385,3ba287c6-7a99-4ae4-807b-3cf10970033b,,,,10.250.35.200,,10.250.35.200,,"Mozilla/5.0 (Macintosh; Intel Mac OS X 10_15_7) AppleWebKit/537.36 (KHTML, like Gecko) Chrome/131.0.0.0 Safari/537.36",,https://pedsnetapps.chop.edu/metadata/communities/3ba287c6-7a99-4ae4-807b-3cf10970033b,,,THUMBNAIL,2024-12-31T12:26:05.762Z,,,200771af-603d-4b71-8546-512e618b8b79,7c68b6c5-d95c-4e35-8b28-ba163e1ecca8,Splenic Sequestration,Concept Sets,Diagnoses,
,false,,view,,,,0,46810945-1e70-44aa-8e38-f95eec7fb42d,20b8987f-9476-4895-8585-e5bfaeb9b2f1,,,6e709902-8809-44f0-bba0-7af2f8f3eb55,3ba287c6-7a99-4ae4-807b-3cf10970033b,,,,10.250.35.200,,10.250.35.200,,"Mozilla/5.0 (Macintosh; Intel Mac OS X 10_15_7) AppleWebKit/537.36 (KHTML, like Gecko) Chrome/131.0.0.0 Safari/537.36",,https://pedsnetapps.chop.edu/metadata/communities/3ba287c6-7a99-4ae4-807b-3cf10970033b,,,THUMBNAIL,2024-12-31T12:26:05.780Z,,,200771af-603d-4b71-8546-512e618b8b79,46810945-1e70-44aa-8e38-f95eec7fb42d,Sickle Cell Disease Associated Pain,Concept Sets,Diagnoses,
,false,,view,,,,0,bb1d0f2f-60ee-464b-a3f8-7ac128628314,3e4ec854-3715-4d28-a878-1a5671cd2bd3,,,ce7c6a14-759d-43f7-a796-2634b1c2eed4,3ba287c6-7a99-4ae4-807b-3cf10970033b,,,,10.250.35.200,,10.250.35.200,,"Mozilla/5.0 (Macintosh; Intel Mac OS X 10_15_7) AppleWebKit/537.36 (KHTML, like Gecko) Chrome/131.0.0.0 Safari/537.36",,https://pedsnetapps.chop.edu/metadata/communities/3ba287c6-7a99-4ae4-807b-3cf10970033b,,,THUMBNAIL,2024-12-31T12:26:05.783Z,,,200771af-603d-4b71-8546-512e618b8b79,bb1d0f2f-60ee-464b-a3f8-7ac128628314,Acute Chest Syndrome,Concept Sets,Diagnoses,
,false,,view,,,,0,1033f85a-c108-46a7-8894-d1af39fc318f,d6b57e9b-4e3e-475e-948b-e0cc1819bffd,,,445efd97-959c-488a-86c7-1421068210b6,3ba287c6-7a99-4ae4-807b-3cf10970033b,,,,10.250.35.200,,10.250.35.200,,"Mozilla/5.0 (Macintosh; Intel Mac OS X 10_15_7) AppleWebKit/537.36 (KHTML, like Gecko) Chrome/131.0.0.0 Safari/537.36",,https://pedsnetapps.chop.edu/metadata/communities/3ba287c6-7a99-4ae4-807b-3cf10970033b,,,THUMBNAIL,2024-12-31T12:26:05.786Z,,,200771af-603d-4b71-8546-512e618b8b79,1033f85a-c108-46a7-8894-d1af39fc318f,Obstructive Sleep Apnea,Concept Sets,Diagnoses,
,false,,view,,,,4,8c10a475-791d-4537-9c5c-d6e0825acba0,,,,3ba287c6-7a99-4ae4-807b-3cf10970033b,,,,,10.250.35.200,,10.250.35.200,,"Mozilla/5.0 (Macintosh; Intel Mac OS X 10_15_7) AppleWebKit/537.36 (KHTML, like Gecko) Chrome/131.0.0.0 Safari/537.36",,https://pedsnetapps.chop.edu/metadata/communities/3ba287c6-7a99-4ae4-807b-3cf10970033b,,,,2024-12-31T12:26:06.180Z,,,,8c10a475-791d-4537-9c5c-d6e0825acba0,,,,
,false,,view,,Cheyenne,41.14,0,7dd2f4b7-b072-45fb-9ecd-00723c51a503,63597e19-9d57-4cea-b7c8-14d91080ac83,US,,98e8e37e-a5da-4bfe-a4d7-54fc5eda13e4,3ba287c6-7a99-4ae4-807b-3cf10970033b,-104.82,,,40.94.29.48,,40.94.29.48,,"Mozilla/5.0 (Windows NT 10.0; Win64; x64) AppleWebKit/537.36 (KHTML, like Gecko) Chrome/126.0.6478.36 Safari/537.36",,https://pedsnetapps.chop.edu/metadata/communities/3ba287c6-7a99-4ae4-807b-3cf10970033b,,,THUMBNAIL,2024-12-31T12:37:37.868Z,,,200771af-603d-4b71-8546-512e618b8b79,7dd2f4b7-b072-45fb-9ecd-00723c51a503,Pediatric Rheumatology Clusters,Concept Sets,Diagnoses,
,false,,view,,Cheyenne,41.14,0,771463f0-8230-4055-bb92-18787e49924d,787d7a86-7177-4f06-9bc0-558312881c26,US,,cb7fe4b2-c464-4120-a4b8-0061a3428c8e,3ba287c6-7a99-4ae4-807b-3cf10970033b,-104.82,,,40.94.29.31,,40.94.29.31,,"Mozilla/5.0 (Windows NT 10.0; Win64; x64) AppleWebKit/537.36 (KHTML, like Gecko) Chrome/126.0.6478.36 Safari/537.36",,https://pedsnetapps.chop.edu/metadata/communities/3ba287c6-7a99-4ae4-807b-3cf10970033b,,,THUMBNAIL,2024-12-31T12:37:37.871Z,,,e1a9f5de-d855-47f1-8df6-26c6c9295de7,771463f0-8230-4055-bb92-18787e49924d,Fetal Hemoglobin,Concept Sets,Laboratory Results,
,false,,view,,Cheyenne,41.14,0,eea25709-477b-431f-92ca-2a8d7aee456b,75b95eab-20c6-4ede-88c7-1360b38bac5b,US,,6b34dec1-0a12-42b9-96e5-6c853467f62b,3ba287c6-7a99-4ae4-807b-3cf10970033b,-104.82,,,40.94.29.36,,40.94.29.36,,"Mozilla/5.0 (Windows NT 10.0; Win64; x64) AppleWebKit/537.36 (KHTML, like Gecko) Chrome/126.0.6478.36 Safari/537.36",,https://pedsnetapps.chop.edu/metadata/communities/3ba287c6-7a99-4ae4-807b-3cf10970033b,,,THUMBNAIL,2024-12-31T12:37:37.993Z,,,e1a9f5de-d855-47f1-8df6-26c6c9295de7,eea25709-477b-431f-92ca-2a8d7aee456b,Protein S,Concept Sets,Laboratory Results,
,false,,view,,Cheyenne,41.14,0,ee30218d-5176-44c6-afee-2dc8ec93be96,7bc8e05b-d0df-466f-9df2-6f96cb4332cf,US,,9c212c8c-f5a4-496f-b084-4c32418dfede,3ba287c6-7a99-4ae4-807b-3cf10970033b,-104.82,,,40.94.29.48,,40.94.29.48,,"Mozilla/5.0 (Windows NT 10.0; Win64; x64) AppleWebKit/537.36 (KHTML, like Gecko) Chrome/126.0.6478.36 Safari/537.36",,https://pedsnetapps.chop.edu/metadata/communities/3ba287c6-7a99-4ae4-807b-3cf10970033b,,,THUMBNAIL,2024-12-31T12:37:38.028Z,,,e1a9f5de-d855-47f1-8df6-26c6c9295de7,ee30218d-5176-44c6-afee-2dc8ec93be96,Protein C,Concept Sets,Laboratory Results,
,false,,view,,Cheyenne,41.14,0,a1af2ef4-ac51-4f05-9702-39fb8b13c2e6,86885362-282f-4c35-be21-9c3ca4505e7e,US,,ca4faeb7-8332-4949-ba13-ca87299857d4,3ba287c6-7a99-4ae4-807b-3cf10970033b,-104.82,,,40.94.29.31,,40.94.29.31,,"Mozilla/5.0 (Windows NT 10.0; Win64; x64) AppleWebKit/537.36 (KHTML, like Gecko) Chrome/126.0.6478.36 Safari/537.36",,https://pedsnetapps.chop.edu/metadata/communities/3ba287c6-7a99-4ae4-807b-3cf10970033b,,,THUMBNAIL,2024-12-31T12:37:38.148Z,,,e1a9f5de-d855-47f1-8df6-26c6c9295de7,a1af2ef4-ac51-4f05-9702-39fb8b13c2e6,Factor VIII,Concept Sets,Laboratory Results,
,false,,view,,Cheyenne,41.14,0,dc229589-ce93-4c43-9ed0-4dad6c3720b8,bd901671-ff8c-44f1-9ad4-fed1c3bb1e42,US,,15274d41-70ee-4b0e-b4f8-6c03e6ed8385,3ba287c6-7a99-4ae4-807b-3cf10970033b,-104.82,,,40.94.29.48,,40.94.29.48,,"Mozilla/5.0 (Windows NT 10.0; Win64; x64) AppleWebKit/537.36 (KHTML, like Gecko) Chrome/126.0.6478.36 Safari/537.36",,https://pedsnetapps.chop.edu/metadata/communities/3ba287c6-7a99-4ae4-807b-3cf10970033b,,,THUMBNAIL,2024-12-31T12:37:38.166Z,,,200771af-603d-4b71-8546-512e618b8b79,dc229589-ce93-4c43-9ed0-4dad6c3720b8,Splenic Sequestration,Concept Sets,Diagnoses,
,false,,view,,Cheyenne,41.14,0,6cffcb3a-c501-442e-b413-4ae0ea0541ac,ca11d383-107a-4f36-a182-9729df07f977,US,,9a2f49e1-c3ee-4bd1-aee8-2a00b9b73930,3ba287c6-7a99-4ae4-807b-3cf10970033b,-104.82,,,40.94.29.11,,40.94.29.11,,"Mozilla/5.0 (Windows NT 10.0; Win64; x64) AppleWebKit/537.36 (KHTML, like Gecko) Chrome/126.0.6478.36 Safari/537.36",,https://pedsnetapps.chop.edu/metadata/communities/3ba287c6-7a99-4ae4-807b-3cf10970033b,,,THUMBNAIL,2024-12-31T12:37:38.181Z,,,e1a9f5de-d855-47f1-8df6-26c6c9295de7,6cffcb3a-c501-442e-b413-4ae0ea0541ac,Mean Corpuscular Volume,Concept Sets,Laboratory Results,
,false,,view,,Cheyenne,41.14,0,e6373673-021f-401c-a029-e15555527f69,3e4ec854-3715-4d28-a878-1a5671cd2bd3,US,,ce7c6a14-759d-43f7-a796-2634b1c2eed4,3ba287c6-7a99-4ae4-807b-3cf10970033b,-104.82,,,40.94.29.11,,40.94.29.11,,"Mozilla/5.0 (Windows NT 10.0; Win64; x64) AppleWebKit/537.36 (KHTML, like Gecko) Chrome/126.0.6478.36 Safari/537.36",,https://pedsnetapps.chop.edu/metadata/communities/3ba287c6-7a99-4ae4-807b-3cf10970033b,,,THUMBNAIL,2024-12-31T12:37:38.423Z,,,200771af-603d-4b71-8546-512e618b8b79,e6373673-021f-401c-a029-e15555527f69,Acute Chest Syndrome,Concept Sets,Diagnoses,
,false,,view,,Cheyenne,41.14,0,18f304a9-8174-4c64-87b4-33253aa7a3ad,20b8987f-9476-4895-8585-e5bfaeb9b2f1,US,,6e709902-8809-44f0-bba0-7af2f8f3eb55,3ba287c6-7a99-4ae4-807b-3cf10970033b,-104.82,,,40.94.29.98,,40.94.29.98,,"Mozilla/5.0 (Windows NT 10.0; Win64; x64) AppleWebKit/537.36 (KHTML, like Gecko) Chrome/126.0.6478.36 Safari/537.36",,https://pedsnetapps.chop.edu/metadata/communities/3ba287c6-7a99-4ae4-807b-3cf10970033b,,,THUMBNAIL,2024-12-31T12:37:38.441Z,,,200771af-603d-4b71-8546-512e618b8b79,18f304a9-8174-4c64-87b4-33253aa7a3ad,Sickle Cell Disease Associated Pain,Concept Sets,Diagnoses,
,false,,view,,Cheyenne,41.14,0,ef9635f3-83e5-430a-8f26-734c24cd2898,d6b57e9b-4e3e-475e-948b-e0cc1819bffd,US,,445efd97-959c-488a-86c7-1421068210b6,3ba287c6-7a99-4ae4-807b-3cf10970033b,-104.82,,,40.94.29.48,,40.94.29.48,,"Mozilla/5.0 (Windows NT 10.0; Win64; x64) AppleWebKit/537.36 (KHTML, like Gecko) Chrome/126.0.6478.36 Safari/537.36",,https://pedsnetapps.chop.edu/metadata/communities/3ba287c6-7a99-4ae4-807b-3cf10970033b,,,THUMBNAIL,2024-12-31T12:37:38.658Z,,,200771af-603d-4b71-8546-512e618b8b79,ef9635f3-83e5-430a-8f26-734c24cd2898,Obstructive Sleep Apnea,Concept Sets,Diagnoses,
,false,,view,,Cheyenne,41.14,4,ca3e5dfc-5c0e-449c-9d19-d4fc3de9cb3b,,US,,3ba287c6-7a99-4ae4-807b-3cf10970033b,,-104.82,,,40.94.29.98,,40.94.29.98,,"Mozilla/5.0 (Windows NT 10.0; Win64; x64) AppleWebKit/537.36 (KHTML, like Gecko) Chrome/126.0.6478.36 Safari/537.36",,,,,,2024-12-31T12:37:49.375Z,,,,ca3e5dfc-5c0e-449c-9d19-d4fc3de9cb3b,,,,
,false,,view,,Cheyenne,41.14,0,2399f3cc-9735-48c5-864d-47e0747dab86,75b95eab-20c6-4ede-88c7-1360b38bac5b,US,,6b34dec1-0a12-42b9-96e5-6c853467f62b,3ba287c6-7a99-4ae4-807b-3cf10970033b,-104.82,,,40.94.29.98,,40.94.29.98,,"Mozilla/5.0 (Windows NT 10.0; Win64; x64) AppleWebKit/537.36 (KHTML, like Gecko) Chrome/126.0.6478.36 Safari/537.36",,https://pedsnetapps.chop.edu/metadata/communities/3ba287c6-7a99-4ae4-807b-3cf10970033b,,,THUMBNAIL,2024-12-31T12:37:51.302Z,,,e1a9f5de-d855-47f1-8df6-26c6c9295de7,2399f3cc-9735-48c5-864d-47e0747dab86,Protein S,Concept Sets,Laboratory Results,
,false,,view,,Cheyenne,41.14,0,ecb2b014-cb7e-404d-87f8-83f2ecd92c45,63597e19-9d57-4cea-b7c8-14d91080ac83,US,,98e8e37e-a5da-4bfe-a4d7-54fc5eda13e4,3ba287c6-7a99-4ae4-807b-3cf10970033b,-104.82,,,40.94.29.67,,40.94.29.67,,"Mozilla/5.0 (Windows NT 10.0; Win64; x64) AppleWebKit/537.36 (KHTML, like Gecko) Chrome/126.0.6478.36 Safari/537.36",,https://pedsnetapps.chop.edu/metadata/communities/3ba287c6-7a99-4ae4-807b-3cf10970033b,,,THUMBNAIL,2024-12-31T12:37:51.307Z,,,200771af-603d-4b71-8546-512e618b8b79,ecb2b014-cb7e-404d-87f8-83f2ecd92c45,Pediatric Rheumatology Clusters,Concept Sets,Diagnoses,
,false,,view,,Cheyenne,41.14,0,b0b5e1cb-4ea9-4971-adcd-6d7856f05a50,787d7a86-7177-4f06-9bc0-558312881c26,US,,cb7fe4b2-c464-4120-a4b8-0061a3428c8e,3ba287c6-7a99-4ae4-807b-3cf10970033b,-104.82,,,40.94.29.32,,40.94.29.32,,"Mozilla/5.0 (Windows NT 10.0; Win64; x64) AppleWebKit/537.36 (KHTML, like Gecko) Chrome/126.0.6478.36 Safari/537.36",,https://pedsnetapps.chop.edu/metadata/communities/3ba287c6-7a99-4ae4-807b-3cf10970033b,,,THUMBNAIL,2024-12-31T12:37:51.312Z,,,e1a9f5de-d855-47f1-8df6-26c6c9295de7,b0b5e1cb-4ea9-4971-adcd-6d7856f05a50,Fetal Hemoglobin,Concept Sets,Laboratory Results,
,false,,view,,Cheyenne,41.14,0,49c86e4a-ae4d-4698-a4dc-859a7d05cc23,7bc8e05b-d0df-466f-9df2-6f96cb4332cf,US,,9c212c8c-f5a4-496f-b084-4c32418dfede,3ba287c6-7a99-4ae4-807b-3cf10970033b,-104.82,,,40.94.29.98,,40.94.29.98,,"Mozilla/5.0 (Windows NT 10.0; Win64; x64) AppleWebKit/537.36 (KHTML, like Gecko) Chrome/126.0.6478.36 Safari/537.36",,https://pedsnetapps.chop.edu/metadata/communities/3ba287c6-7a99-4ae4-807b-3cf10970033b,,,THUMBNAIL,2024-12-31T12:37:51.379Z,,,e1a9f5de-d855-47f1-8df6-26c6c9295de7,49c86e4a-ae4d-4698-a4dc-859a7d05cc23,Protein C,Concept Sets,Laboratory Results,
,false,,view,,Cheyenne,41.14,0,eb351990-d204-402b-a4fb-c8cf7bcee989,ca11d383-107a-4f36-a182-9729df07f977,US,,9a2f49e1-c3ee-4bd1-aee8-2a00b9b73930,3ba287c6-7a99-4ae4-807b-3cf10970033b,-104.82,,,40.94.29.56,,40.94.29.56,,"Mozilla/5.0 (Windows NT 10.0; Win64; x64) AppleWebKit/537.36 (KHTML, like Gecko) Chrome/126.0.6478.36 Safari/537.36",,https://pedsnetapps.chop.edu/metadata/communities/3ba287c6-7a99-4ae4-807b-3cf10970033b,,,THUMBNAIL,2024-12-31T12:37:51.462Z,,,e1a9f5de-d855-47f1-8df6-26c6c9295de7,eb351990-d204-402b-a4fb-c8cf7bcee989,Mean Corpuscular Volume,Concept Sets,Laboratory Results,
,false,,view,,Cheyenne,41.14,0,d0e9e4e6-da06-4a68-95a8-963d71e465e8,bd901671-ff8c-44f1-9ad4-fed1c3bb1e42,US,,15274d41-70ee-4b0e-b4f8-6c03e6ed8385,3ba287c6-7a99-4ae4-807b-3cf10970033b,-104.82,,,40.94.29.40,,40.94.29.40,,"Mozilla/5.0 (Windows NT 10.0; Win64; x64) AppleWebKit/537.36 (KHTML, like Gecko) Chrome/126.0.6478.36 Safari/537.36",,https://pedsnetapps.chop.edu/metadata/communities/3ba287c6-7a99-4ae4-807b-3cf10970033b,,,THUMBNAIL,2024-12-31T12:37:51.463Z,,,200771af-603d-4b71-8546-512e618b8b79,d0e9e4e6-da06-4a68-95a8-963d71e465e8,Splenic Sequestration,Concept Sets,Diagnoses,
,false,,view,,Cheyenne,41.14,0,5644108b-7cbf-4b54-a10a-355fbcb66c2c,86885362-282f-4c35-be21-9c3ca4505e7e,US,,ca4faeb7-8332-4949-ba13-ca87299857d4,3ba287c6-7a99-4ae4-807b-3cf10970033b,-104.82,,,40.94.29.39,,40.94.29.39,,"Mozilla/5.0 (Windows NT 10.0; Win64; x64) AppleWebKit/537.36 (KHTML, like Gecko) Chrome/126.0.6478.36 Safari/537.36",,https://pedsnetapps.chop.edu/metadata/communities/3ba287c6-7a99-4ae4-807b-3cf10970033b,,,THUMBNAIL,2024-12-31T12:37:51.473Z,,,e1a9f5de-d855-47f1-8df6-26c6c9295de7,5644108b-7cbf-4b54-a10a-355fbcb66c2c,Factor VIII,Concept Sets,Laboratory Results,
,false,,view,,Cheyenne,41.14,0,9ce4d8f7-ee0f-4f51-bdf9-5b7e1049916d,20b8987f-9476-4895-8585-e5bfaeb9b2f1,US,,6e709902-8809-44f0-bba0-7af2f8f3eb55,3ba287c6-7a99-4ae4-807b-3cf10970033b,-104.82,,,40.94.29.98,,40.94.29.98,,"Mozilla/5.0 (Windows NT 10.0; Win64; x64) AppleWebKit/537.36 (KHTML, like Gecko) Chrome/126.0.6478.36 Safari/537.36",,https://pedsnetapps.chop.edu/metadata/communities/3ba287c6-7a99-4ae4-807b-3cf10970033b,,,THUMBNAIL,2024-12-31T12:37:51.481Z,,,200771af-603d-4b71-8546-512e618b8b79,9ce4d8f7-ee0f-4f51-bdf9-5b7e1049916d,Sickle Cell Disease Associated Pain,Concept Sets,Diagnoses,
,false,,view,,Cheyenne,41.14,0,61ef0c76-fbae-4fb5-8370-9df7393255d5,3e4ec854-3715-4d28-a878-1a5671cd2bd3,US,,ce7c6a14-759d-43f7-a796-2634b1c2eed4,3ba287c6-7a99-4ae4-807b-3cf10970033b,-104.82,,,40.94.29.32,,40.94.29.32,,"Mozilla/5.0 (Windows NT 10.0; Win64; x64) AppleWebKit/537.36 (KHTML, like Gecko) Chrome/126.0.6478.36 Safari/537.36",,https://pedsnetapps.chop.edu/metadata/communities/3ba287c6-7a99-4ae4-807b-3cf10970033b,,,THUMBNAIL,2024-12-31T12:37:51.724Z,,,200771af-603d-4b71-8546-512e618b8b79,61ef0c76-fbae-4fb5-8370-9df7393255d5,Acute Chest Syndrome,Concept Sets,Diagnoses,
,false,,view,,Cheyenne,41.14,0,71cc97cb-84be-4d80-9de9-d57aa015b6a8,d6b57e9b-4e3e-475e-948b-e0cc1819bffd,US,,445efd97-959c-488a-86c7-1421068210b6,3ba287c6-7a99-4ae4-807b-3cf10970033b,-104.82,,,40.94.29.98,,40.94.29.98,,"Mozilla/5.0 (Windows NT 10.0; Win64; x64) AppleWebKit/537.36 (KHTML, like Gecko) Chrome/126.0.6478.36 Safari/537.36",,https://pedsnetapps.chop.edu/metadata/communities/3ba287c6-7a99-4ae4-807b-3cf10970033b,,,THUMBNAIL,2024-12-31T12:37:51.726Z,,,200771af-603d-4b71-8546-512e618b8b79,71cc97cb-84be-4d80-9de9-d57aa015b6a8,Obstructive Sleep Apnea,Concept Sets,Diagnoses,
,false,,view,,,,0,9f59e7ee-7ff3-4896-958d-2371609d8d3d,63597e19-9d57-4cea-b7c8-14d91080ac83,,,98e8e37e-a5da-4bfe-a4d7-54fc5eda13e4,3ba287c6-7a99-4ae4-807b-3cf10970033b,,,,10.250.34.70,,10.250.34.70,,"Mozilla/5.0 (Macintosh; Intel Mac OS X 10_15_7) AppleWebKit/605.1.15 (KHTML, like Gecko) Version/17.6 Safari/605.1.15",,https://pedsnetapps.chop.edu/metadata/home,,,THUMBNAIL,2024-12-31T13:48:10.007Z,,,200771af-603d-4b71-8546-512e618b8b79,9f59e7ee-7ff3-4896-958d-2371609d8d3d,Pediatric Rheumatology Clusters,Concept Sets,Diagnoses,
,false,,view,,,,0,f5ae0907-e5f0-42f0-a805-d127630220fd,134ef89f-abe6-463c-aaa2-77975bd2ff39,,,20c9dc8d-6360-45b7-8e2b-9de2f86d2bf2,dd8cbefd-bc37-476c-a383-7c9fe413743f,,,,10.250.34.70,,10.250.34.70,,"Mozilla/5.0 (Macintosh; Intel Mac OS X 10_15_7) AppleWebKit/605.1.15 (KHTML, like Gecko) Version/17.6 Safari/605.1.15",,https://pedsnetapps.chop.edu/metadata/home,,,THUMBNAIL,2024-12-31T13:48:10.022Z,,,0b3bab26-df86-4f72-b571-a11967535e1e,f5ae0907-e5f0-42f0-a805-d127630220fd,REDCap API Integration with PEDSnet Standard Framework,PEDSnet Resources,Federated Coordination Center,
,false,,view,,,,0,f99887e3-814c-4e84-8681-bdaa8d3d675b,b2e7f8d4-f0d0-4338-8f0f-79a3dfaeed0c,,,30178186-7e1f-4b96-9e2a-3d9a84a12bed,dd8cbefd-bc37-476c-a383-7c9fe413743f,,,,10.250.34.70,,10.250.34.70,,"Mozilla/5.0 (Macintosh; Intel Mac OS X 10_15_7) AppleWebKit/605.1.15 (KHTML, like Gecko) Version/17.6 Safari/605.1.15",,https://pedsnetapps.chop.edu/metadata/home,,,THUMBNAIL,2024-12-31T13:48:10.037Z,,,0b3bab26-df86-4f72-b571-a11967535e1e,f99887e3-814c-4e84-8681-bdaa8d3d675b,Introduction to Trino,PEDSnet Resources,Federated Coordination Center,
,false,,view,,,,0,b67afc1b-d38c-4c50-82d4-d5cd7382b7da,787d7a86-7177-4f06-9bc0-558312881c26,,,cb7fe4b2-c464-4120-a4b8-0061a3428c8e,3ba287c6-7a99-4ae4-807b-3cf10970033b,,,,10.250.34.70,,10.250.34.70,,"Mozilla/5.0 (Macintosh; Intel Mac OS X 10_15_7) AppleWebKit/605.1.15 (KHTML, like Gecko) Version/17.6 Safari/605.1.15",,https://pedsnetapps.chop.edu/metadata/home,,,THUMBNAIL,2024-12-31T13:48:10.039Z,,,e1a9f5de-d855-47f1-8df6-26c6c9295de7,b67afc1b-d38c-4c50-82d4-d5cd7382b7da,Fetal Hemoglobin,Concept Sets,Laboratory Results,
,false,,view,,,,5,989b9f3f-58c6-44a9-9c96-9d24f70454ac,,,,0ca0dae5-f60a-472a-8797-45345e117dd2,,,,,10.250.34.70,,10.250.34.70,,"Mozilla/5.0 (Macintosh; Intel Mac OS X 10_15_7) AppleWebKit/605.1.15 (KHTML, like Gecko) Version/17.6 Safari/605.1.15",,https://word-edit.officeapps.live.com/,,,,2024-12-31T13:48:10.685Z,,,,989b9f3f-58c6-44a9-9c96-9d24f70454ac,,,,
,false,,view,,Philadelphia,39.9524,0,b3483125-19c6-43a9-8420-6d9012ec62b5,134ef89f-abe6-463c-aaa2-77975bd2ff39,US,,c02b6f52-ddf8-4b5c-ae59-77362258f288,dd8cbefd-bc37-476c-a383-7c9fe413743f,-75.1636,,,170.212.0.95,,170.212.0.95,,"Mozilla/5.0 (Windows NT 10.0; Win64; x64) AppleWebKit/537.36 (KHTML, like Gecko) Chrome/131.0.0.0 Safari/537.36 Edg/131.0.0.0",,https://www.bing.com/,,,ORIGINAL,2024-12-31T14:32:32.090Z,,,0b3bab26-df86-4f72-b571-a11967535e1e,b3483125-19c6-43a9-8420-6d9012ec62b5,REDCap API Integration with PEDSnet Standard Framework,PEDSnet Resources,Federated Coordination Center,
,false,,view,,,,0,203c5905-4c9d-4d0c-8710-945aad236827,2354f8a3-93c1-4bf7-9530-a9b632a60ac6,,,4774d148-92b1-4689-bc09-1eae62fee86d,dd8cbefd-bc37-476c-a383-7c9fe413743f,,,,10.250.34.70,,10.250.34.70,,"Mozilla/5.0 (Macintosh; Intel Mac OS X 10_15_7) AppleWebKit/605.1.15 (KHTML, like Gecko) Version/17.6 Safari/605.1.15",,https://pedsnetapps.chop.edu/metadata/home,,,THUMBNAIL,2024-12-31T13:48:10.008Z,,,0b3bab26-df86-4f72-b571-a11967535e1e,203c5905-4c9d-4d0c-8710-945aad236827,Using Trino with the PEDSnet Standard Framework,PEDSnet Resources,Federated Coordination Center,
